Command line invocation:
    /Applications/Xcode-beta.app/Contents/Developer/usr/bin/xcodebuild build -project Jade.xcodeproj -scheme Jade -configuration Debug -derivedDataPath build/DerivedData -destination generic/platform=iOS CODE_SIGNING_ALLOWED=NO CODE_SIGNING_REQUIRED=NO CODE_SIGN_IDENTITY= DEVELOPMENT_TEAM=

Build settings from command line:
    CODE_SIGN_IDENTITY = 
    CODE_SIGNING_ALLOWED = NO
    CODE_SIGNING_REQUIRED = NO
    DEVELOPMENT_TEAM = 

note: Using codesigning identity override: 
ComputePackagePrebuildTargetDependencyGraph

Prepare packages

CreateBuildRequest

SendProjectDescription

CreateBuildOperation

ComputeTargetDependencyGraph
note: Building targets in dependency order
note: Target dependency graph (1 target)
    Target 'Jade' in project 'Jade' (no dependencies)

GatherProvisioningInputs

CreateBuildDescription

ExecuteExternalTool /Applications/Xcode-beta.app/Contents/Developer/Toolchains/XcodeDefault.xctoolchain/usr/bin/clang -v -E -dM -isysroot /Applications/Xcode-beta.app/Contents/Developer/Platforms/iPhoneOS.platform/Developer/SDKs/iPhoneOS27.0.sdk -x c -c /dev/null

ExecuteExternalTool /Applications/Xcode-beta.app/Contents/Developer/Toolchains/XcodeDefault.xctoolchain/usr/bin/clang -v -E -dM -arch arm64 -isysroot /Applications/Xcode-beta.app/Contents/Developer/Platforms/iPhoneOS.platform/Developer/SDKs/iPhoneOS27.0.sdk -x c -c /dev/null

ExecuteExternalTool /Applications/Xcode-beta.app/Contents/Developer/Toolchains/XcodeDefault.xctoolchain/usr/bin/clang -v -E -dM -arch arm64 -isysroot /Applications/Xcode-beta.app/Contents/Developer/Platforms/iPhoneOS.platform/Developer/SDKs/iPhoneOS27.0.sdk -x objective-c -c /dev/null

ExecuteExternalTool /Applications/Xcode-beta.app/Contents/Developer/usr/bin/actool --print-asset-tag-combinations --output-format xml1 /Users/jason/Documents/BQTools/bad_query/Assets.xcassets /Users/jason/Documents/BQTools/bad_query/JadeIcon.icon

ExecuteExternalTool /Applications/Xcode-beta.app/Contents/Developer/usr/bin/actool --version --output-format xml1

ExecuteExternalTool /Applications/Xcode-beta.app/Contents/Developer/Toolchains/XcodeDefault.xctoolchain/usr/bin/swiftc --version

ExecuteExternalTool /Applications/Xcode-beta.app/Contents/Developer/Toolchains/XcodeDefault.xctoolchain/usr/bin/ld -version_details

Build description signature: 2c9592c632eed55c12b78ae0a750f7dd
Build description path: /Users/jason/Documents/BQTools/build/DerivedData/Build/Intermediates.noindex/XCBuildData/2c9592c632eed55c12b78ae0a750f7dd.xcbuilddata
CreateBuildDirectory /Users/jason/Documents/BQTools/build/DerivedData/SDKExplicitPrecompiledModules
    cd /Users/jason/Documents/BQTools/Jade.xcodeproj
    builtin-create-build-directory /Users/jason/Documents/BQTools/build/DerivedData/SDKExplicitPrecompiledModules

CreateBuildDirectory /Users/jason/Documents/BQTools/build/DerivedData/ModuleCache.noindex
    cd /Users/jason/Documents/BQTools/Jade.xcodeproj
    builtin-create-build-directory /Users/jason/Documents/BQTools/build/DerivedData/ModuleCache.noindex

CreateBuildDirectory /Users/jason/Documents/BQTools/build/DerivedData/CompilationCache.noindex
    cd /Users/jason/Documents/BQTools/Jade.xcodeproj
    builtin-create-build-directory /Users/jason/Documents/BQTools/build/DerivedData/CompilationCache.noindex

CreateBuildDirectory /Users/jason/Documents/BQTools/build/DerivedData/Build/Products
    cd /Users/jason/Documents/BQTools/Jade.xcodeproj
    builtin-create-build-directory /Users/jason/Documents/BQTools/build/DerivedData/Build/Products

CreateBuildDirectory /Users/jason/Documents/BQTools/build/DerivedData/Build/Intermediates.noindex
    cd /Users/jason/Documents/BQTools/Jade.xcodeproj
    builtin-create-build-directory /Users/jason/Documents/BQTools/build/DerivedData/Build/Intermediates.noindex

ClangStatCache /Applications/Xcode-beta.app/Contents/Developer/Toolchains/XcodeDefault.xctoolchain/usr/bin/clang-stat-cache /Applications/Xcode-beta.app/Contents/Developer/Platforms/iPhoneOS.platform/Developer/SDKs/iPhoneOS27.0.sdk /Users/jason/Documents/BQTools/build/DerivedData/SDKStatCaches.noindex/iphoneos27.0-24A5380g-ab8728d0c5b464cc751fe8b4b02b9db3.sdkstatcache
    cd /Users/jason/Documents/BQTools/Jade.xcodeproj
    /Applications/Xcode-beta.app/Contents/Developer/Toolchains/XcodeDefault.xctoolchain/usr/bin/clang-stat-cache /Applications/Xcode-beta.app/Contents/Developer/Platforms/iPhoneOS.platform/Developer/SDKs/iPhoneOS27.0.sdk -o /Users/jason/Documents/BQTools/build/DerivedData/SDKStatCaches.noindex/iphoneos27.0-24A5380g-ab8728d0c5b464cc751fe8b4b02b9db3.sdkstatcache

CreateBuildDirectory /Users/jason/Documents/BQTools/build/DerivedData/Build/Products/Debug-iphoneos
    cd /Users/jason/Documents/BQTools/Jade.xcodeproj
    builtin-create-build-directory /Users/jason/Documents/BQTools/build/DerivedData/Build/Products/Debug-iphoneos

CreateBuildDirectory /Users/jason/Documents/BQTools/build/DerivedData/Build/Intermediates.noindex/SwiftExplicitPrecompiledModules
    cd /Users/jason/Documents/BQTools/Jade.xcodeproj
    builtin-create-build-directory /Users/jason/Documents/BQTools/build/DerivedData/Build/Intermediates.noindex/SwiftExplicitPrecompiledModules

CreateBuildDirectory /Users/jason/Documents/BQTools/build/DerivedData/Build/Intermediates.noindex/PrecompiledHeaders
    cd /Users/jason/Documents/BQTools/Jade.xcodeproj
    builtin-create-build-directory /Users/jason/Documents/BQTools/build/DerivedData/Build/Intermediates.noindex/PrecompiledHeaders

CreateBuildDirectory /Users/jason/Documents/BQTools/build/DerivedData/Build/Intermediates.noindex/ExplicitPrecompiledModules
    cd /Users/jason/Documents/BQTools/Jade.xcodeproj
    builtin-create-build-directory /Users/jason/Documents/BQTools/build/DerivedData/Build/Intermediates.noindex/ExplicitPrecompiledModules

WriteAuxiliaryFile /Users/jason/Documents/BQTools/build/DerivedData/Build/Intermediates.noindex/Jade.build/Debug-iphoneos/Jade-16e1e7fbb43cae0d9738f20132293a9f-VFS-iphoneos/all-product-headers.yaml
    cd /Users/jason/Documents/BQTools/Jade.xcodeproj
    write-file /Users/jason/Documents/BQTools/build/DerivedData/Build/Intermediates.noindex/Jade.build/Debug-iphoneos/Jade-16e1e7fbb43cae0d9738f20132293a9f-VFS-iphoneos/all-product-headers.yaml

CreateBuildDirectory /Users/jason/Documents/BQTools/build/DerivedData/Build/Intermediates.noindex/EagerLinkingTBDs/Debug-iphoneos
    cd /Users/jason/Documents/BQTools/Jade.xcodeproj
    builtin-create-build-directory /Users/jason/Documents/BQTools/build/DerivedData/Build/Intermediates.noindex/EagerLinkingTBDs/Debug-iphoneos

WriteAuxiliaryFile /Users/jason/Documents/BQTools/build/DerivedData/Build/Intermediates.noindex/Jade.build/Debug-iphoneos/Jade.build/Objects-normal/arm64/e6072d4f65d7061329687fe24e3d63a7-common-args.resp (in target 'Jade' from project 'Jade')
    cd /Users/jason/Documents/BQTools
    write-file /Users/jason/Documents/BQTools/build/DerivedData/Build/Intermediates.noindex/Jade.build/Debug-iphoneos/Jade.build/Objects-normal/arm64/e6072d4f65d7061329687fe24e3d63a7-common-args.resp
'-std=gnu17' -fobjc-arc -fobjc-weak -fmodules -gmodules '-fmodules-cache-path=/Users/jason/Documents/BQTools/build/DerivedData/ModuleCache.noindex' -fpascal-strings -O0 -fno-common '-DDEBUG=1' '-DOBJC_OLD_DISPATCH_PROTOTYPES=0' -g -iquote /Users/jason/Documents/BQTools/build/DerivedData/Build/Intermediates.noindex/Jade.build/Debug-iphoneos/Jade.build/Jade-generated-files.hmap -I/Users/jason/Documents/BQTools/build/DerivedData/Build/Intermediates.noindex/Jade.build/Debug-iphoneos/Jade.build/Jade-own-target-headers.hmap -I/Users/jason/Documents/BQTools/build/DerivedData/Build/Intermediates.noindex/Jade.build/Debug-iphoneos/Jade.build/Jade-all-target-headers.hmap -iquote /Users/jason/Documents/BQTools/build/DerivedData/Build/Intermediates.noindex/Jade.build/Debug-iphoneos/Jade.build/Jade-project-headers.hmap -I/Users/jason/Documents/BQTools/build/DerivedData/Build/Products/Debug-iphoneos/include -I/Users/jason/Documents/BQTools/build/DerivedData/Build/Intermediates.noindex/Jade.build/Debug-iphoneos/Jade.build/DerivedSources-normal/arm64 -I/Users/jason/Documents/BQTools/build/DerivedData/Build/Intermediates.noindex/Jade.build/Debug-iphoneos/Jade.build/DerivedSources/arm64 -I/Users/jason/Documents/BQTools/build/DerivedData/Build/Intermediates.noindex/Jade.build/Debug-iphoneos/Jade.build/DerivedSources -F/Users/jason/Documents/BQTools/build/DerivedData/Build/Products/Debug-iphoneos -F/Users/jason/Documents/BQTools/bad_query

WriteAuxiliaryFile /Users/jason/Documents/BQTools/build/DerivedData/Build/Intermediates.noindex/Jade.build/Debug-iphoneos/Jade.build/empty-Jade.plist (in target 'Jade' from project 'Jade')
    cd /Users/jason/Documents/BQTools
    write-file /Users/jason/Documents/BQTools/build/DerivedData/Build/Intermediates.noindex/Jade.build/Debug-iphoneos/Jade.build/empty-Jade.plist

WriteAuxiliaryFile /Users/jason/Documents/BQTools/build/DerivedData/Build/Intermediates.noindex/Jade.build/Debug-iphoneos/Jade.build/Objects-normal/arm64/Jade.SwiftConstValuesFileList (in target 'Jade' from project 'Jade')
    cd /Users/jason/Documents/BQTools
    write-file /Users/jason/Documents/BQTools/build/DerivedData/Build/Intermediates.noindex/Jade.build/Debug-iphoneos/Jade.build/Objects-normal/arm64/Jade.SwiftConstValuesFileList

WriteAuxiliaryFile /Users/jason/Documents/BQTools/build/DerivedData/Build/Intermediates.noindex/Jade.build/Debug-iphoneos/Jade.build/Objects-normal/arm64/Jade_const_extract_protocols.json (in target 'Jade' from project 'Jade')
    cd /Users/jason/Documents/BQTools
    write-file /Users/jason/Documents/BQTools/build/DerivedData/Build/Intermediates.noindex/Jade.build/Debug-iphoneos/Jade.build/Objects-normal/arm64/Jade_const_extract_protocols.json

WriteAuxiliaryFile /Users/jason/Documents/BQTools/build/DerivedData/Build/Intermediates.noindex/Jade.build/Debug-iphoneos/Jade.build/Objects-normal/arm64/Jade.SwiftFileList (in target 'Jade' from project 'Jade')
    cd /Users/jason/Documents/BQTools
    write-file /Users/jason/Documents/BQTools/build/DerivedData/Build/Intermediates.noindex/Jade.build/Debug-iphoneos/Jade.build/Objects-normal/arm64/Jade.SwiftFileList

WriteAuxiliaryFile /Users/jason/Documents/BQTools/build/DerivedData/Build/Intermediates.noindex/Jade.build/Debug-iphoneos/Jade.build/Objects-normal/arm64/Jade.LinkFileList (in target 'Jade' from project 'Jade')
    cd /Users/jason/Documents/BQTools
    write-file /Users/jason/Documents/BQTools/build/DerivedData/Build/Intermediates.noindex/Jade.build/Debug-iphoneos/Jade.build/Objects-normal/arm64/Jade.LinkFileList

WriteAuxiliaryFile /Users/jason/Documents/BQTools/build/DerivedData/Build/Intermediates.noindex/Jade.build/Debug-iphoneos/Jade.build/Objects-normal/arm64/Jade-OutputFileMap.json (in target 'Jade' from project 'Jade')
    cd /Users/jason/Documents/BQTools
    write-file /Users/jason/Documents/BQTools/build/DerivedData/Build/Intermediates.noindex/Jade.build/Debug-iphoneos/Jade.build/Objects-normal/arm64/Jade-OutputFileMap.json

WriteAuxiliaryFile /Users/jason/Documents/BQTools/build/DerivedData/Build/Intermediates.noindex/Jade.build/Debug-iphoneos/Jade.build/Objects-normal/arm64/7187679823f38a2a940e0043cdf9d637-common-args.resp (in target 'Jade' from project 'Jade')
    cd /Users/jason/Documents/BQTools
    write-file /Users/jason/Documents/BQTools/build/DerivedData/Build/Intermediates.noindex/Jade.build/Debug-iphoneos/Jade.build/Objects-normal/arm64/7187679823f38a2a940e0043cdf9d637-common-args.resp
'-std=gnu17' -fmodules -gmodules '-fmodules-cache-path=/Users/jason/Documents/BQTools/build/DerivedData/ModuleCache.noindex' -fpascal-strings -O0 -fno-common '-DDEBUG=1' -g -iquote /Users/jason/Documents/BQTools/build/DerivedData/Build/Intermediates.noindex/Jade.build/Debug-iphoneos/Jade.build/Jade-generated-files.hmap -I/Users/jason/Documents/BQTools/build/DerivedData/Build/Intermediates.noindex/Jade.build/Debug-iphoneos/Jade.build/Jade-own-target-headers.hmap -I/Users/jason/Documents/BQTools/build/DerivedData/Build/Intermediates.noindex/Jade.build/Debug-iphoneos/Jade.build/Jade-all-target-headers.hmap -iquote /Users/jason/Documents/BQTools/build/DerivedData/Build/Intermediates.noindex/Jade.build/Debug-iphoneos/Jade.build/Jade-project-headers.hmap -I/Users/jason/Documents/BQTools/build/DerivedData/Build/Products/Debug-iphoneos/include -I/Users/jason/Documents/BQTools/build/DerivedData/Build/Intermediates.noindex/Jade.build/Debug-iphoneos/Jade.build/DerivedSources-normal/arm64 -I/Users/jason/Documents/BQTools/build/DerivedData/Build/Intermediates.noindex/Jade.build/Debug-iphoneos/Jade.build/DerivedSources/arm64 -I/Users/jason/Documents/BQTools/build/DerivedData/Build/Intermediates.noindex/Jade.build/Debug-iphoneos/Jade.build/DerivedSources -F/Users/jason/Documents/BQTools/build/DerivedData/Build/Products/Debug-iphoneos -F/Users/jason/Documents/BQTools/bad_query

WriteAuxiliaryFile /Users/jason/Documents/BQTools/build/DerivedData/Build/Intermediates.noindex/Jade.build/Debug-iphoneos/Jade.build/Jade.hmap (in target 'Jade' from project 'Jade')
    cd /Users/jason/Documents/BQTools
    write-file /Users/jason/Documents/BQTools/build/DerivedData/Build/Intermediates.noindex/Jade.build/Debug-iphoneos/Jade.build/Jade.hmap

WriteAuxiliaryFile /Users/jason/Documents/BQTools/build/DerivedData/Build/Intermediates.noindex/Jade.build/Debug-iphoneos/Jade.build/Jade.DependencyStaticMetadataFileList (in target 'Jade' from project 'Jade')
    cd /Users/jason/Documents/BQTools
    write-file /Users/jason/Documents/BQTools/build/DerivedData/Build/Intermediates.noindex/Jade.build/Debug-iphoneos/Jade.build/Jade.DependencyStaticMetadataFileList

WriteAuxiliaryFile /Users/jason/Documents/BQTools/build/DerivedData/Build/Intermediates.noindex/Jade.build/Debug-iphoneos/Jade.build/Jade.DependencyMetadataFileList (in target 'Jade' from project 'Jade')
    cd /Users/jason/Documents/BQTools
    write-file /Users/jason/Documents/BQTools/build/DerivedData/Build/Intermediates.noindex/Jade.build/Debug-iphoneos/Jade.build/Jade.DependencyMetadataFileList

WriteAuxiliaryFile /Users/jason/Documents/BQTools/build/DerivedData/Build/Intermediates.noindex/Jade.build/Debug-iphoneos/Jade.build/Jade-project-headers.hmap (in target 'Jade' from project 'Jade')
    cd /Users/jason/Documents/BQTools
    write-file /Users/jason/Documents/BQTools/build/DerivedData/Build/Intermediates.noindex/Jade.build/Debug-iphoneos/Jade.build/Jade-project-headers.hmap

WriteAuxiliaryFile /Users/jason/Documents/BQTools/build/DerivedData/Build/Intermediates.noindex/Jade.build/Debug-iphoneos/Jade.build/Jade-own-target-headers.hmap (in target 'Jade' from project 'Jade')
    cd /Users/jason/Documents/BQTools
    write-file /Users/jason/Documents/BQTools/build/DerivedData/Build/Intermediates.noindex/Jade.build/Debug-iphoneos/Jade.build/Jade-own-target-headers.hmap

WriteAuxiliaryFile /Users/jason/Documents/BQTools/build/DerivedData/Build/Intermediates.noindex/Jade.build/Debug-iphoneos/Jade.build/Jade-generated-files.hmap (in target 'Jade' from project 'Jade')
    cd /Users/jason/Documents/BQTools
    write-file /Users/jason/Documents/BQTools/build/DerivedData/Build/Intermediates.noindex/Jade.build/Debug-iphoneos/Jade.build/Jade-generated-files.hmap

WriteAuxiliaryFile /Users/jason/Documents/BQTools/build/DerivedData/Build/Intermediates.noindex/Jade.build/Debug-iphoneos/Jade.build/Jade-all-target-headers.hmap (in target 'Jade' from project 'Jade')
    cd /Users/jason/Documents/BQTools
    write-file /Users/jason/Documents/BQTools/build/DerivedData/Build/Intermediates.noindex/Jade.build/Debug-iphoneos/Jade.build/Jade-all-target-headers.hmap

WriteAuxiliaryFile /Users/jason/Documents/BQTools/build/DerivedData/Build/Intermediates.noindex/Jade.build/Debug-iphoneos/Jade.build/Jade-all-non-framework-target-headers.hmap (in target 'Jade' from project 'Jade')
    cd /Users/jason/Documents/BQTools
    write-file /Users/jason/Documents/BQTools/build/DerivedData/Build/Intermediates.noindex/Jade.build/Debug-iphoneos/Jade.build/Jade-all-non-framework-target-headers.hmap

WriteAuxiliaryFile /Users/jason/Documents/BQTools/build/DerivedData/Build/Intermediates.noindex/Jade.build/Debug-iphoneos/Jade.build/Jade-DebugDylibPath-normal-arm64.txt (in target 'Jade' from project 'Jade')
    cd /Users/jason/Documents/BQTools
    write-file /Users/jason/Documents/BQTools/build/DerivedData/Build/Intermediates.noindex/Jade.build/Debug-iphoneos/Jade.build/Jade-DebugDylibPath-normal-arm64.txt

WriteAuxiliaryFile /Users/jason/Documents/BQTools/build/DerivedData/Build/Intermediates.noindex/Jade.build/Debug-iphoneos/Jade.build/Jade-DebugDylibInstallName-normal-arm64.txt (in target 'Jade' from project 'Jade')
    cd /Users/jason/Documents/BQTools
    write-file /Users/jason/Documents/BQTools/build/DerivedData/Build/Intermediates.noindex/Jade.build/Debug-iphoneos/Jade.build/Jade-DebugDylibInstallName-normal-arm64.txt

MkDir /Users/jason/Documents/BQTools/build/DerivedData/Build/Products/Debug-iphoneos/Jade.app (in target 'Jade' from project 'Jade')
    cd /Users/jason/Documents/BQTools
    /bin/mkdir -p /Users/jason/Documents/BQTools/build/DerivedData/Build/Products/Debug-iphoneos/Jade.app

Ld /Users/jason/Documents/BQTools/build/DerivedData/Build/Products/Debug-iphoneos/Jade.app/__preview.dylib normal (in target 'Jade' from project 'Jade')
    cd /Users/jason/Documents/BQTools
    /Applications/Xcode-beta.app/Contents/Developer/Toolchains/XcodeDefault.xctoolchain/usr/bin/clang -Xlinker -reproducible -target arm64-apple-ios26.0 -dynamiclib -isysroot /Applications/Xcode-beta.app/Contents/Developer/Platforms/iPhoneOS.platform/Developer/SDKs/iPhoneOS27.0.sdk -O0 -Xlinker -no_warn_duplicate_libraries -L/Users/jason/Documents/BQTools/build/DerivedData/Build/Products/Debug-iphoneos -F/Users/jason/Documents/BQTools/build/DerivedData/Build/Products/Debug-iphoneos -F/Users/jason/Documents/BQTools/bad_query -install_name @rpath/Jade.debug.dylib -Xlinker -dead_strip -rdynamic -Xlinker -no_deduplicate -Xlinker -dependency_info -Xlinker /Users/jason/Documents/BQTools/build/DerivedData/Build/Intermediates.noindex/Jade.build/Debug-iphoneos/Jade.build/Objects-normal/arm64/Jade_dependency_info.dat -o /Users/jason/Documents/BQTools/build/DerivedData/Build/Products/Debug-iphoneos/Jade.app/__preview.dylib

MkDir /Users/jason/Documents/BQTools/build/DerivedData/Build/Intermediates.noindex/Jade.build/Debug-iphoneos/Jade.build/assetcatalog_output/unthinned (in target 'Jade' from project 'Jade')
    cd /Users/jason/Documents/BQTools
    /bin/mkdir -p /Users/jason/Documents/BQTools/build/DerivedData/Build/Intermediates.noindex/Jade.build/Debug-iphoneos/Jade.build/assetcatalog_output/unthinned

MkDir /Users/jason/Documents/BQTools/build/DerivedData/Build/Intermediates.noindex/Jade.build/Debug-iphoneos/Jade.build/assetcatalog_output/thinned (in target 'Jade' from project 'Jade')
    cd /Users/jason/Documents/BQTools
    /bin/mkdir -p /Users/jason/Documents/BQTools/build/DerivedData/Build/Intermediates.noindex/Jade.build/Debug-iphoneos/Jade.build/assetcatalog_output/thinned

GenerateAssetSymbols /Users/jason/Documents/BQTools/bad_query/Assets.xcassets /Users/jason/Documents/BQTools/bad_query/JadeIcon.icon (in target 'Jade' from project 'Jade')
    cd /Users/jason/Documents/BQTools
    /Applications/Xcode-beta.app/Contents/Developer/usr/bin/actool /Users/jason/Documents/BQTools/bad_query/Assets.xcassets /Users/jason/Documents/BQTools/bad_query/JadeIcon.icon --compile /Users/jason/Documents/BQTools/build/DerivedData/Build/Products/Debug-iphoneos/Jade.app --output-format human-readable-text --notices --warnings --export-dependency-info /Users/jason/Documents/BQTools/build/DerivedData/Build/Intermediates.noindex/Jade.build/Debug-iphoneos/Jade.build/assetcatalog_dependencies --output-partial-info-plist /Users/jason/Documents/BQTools/build/DerivedData/Build/Intermediates.noindex/Jade.build/Debug-iphoneos/Jade.build/assetcatalog_generated_info.plist --app-icon JadeIcon --include-all-app-icons --accent-color AccentColor --compress-pngs --enable-on-demand-resources YES --development-region en --target-device iphone --target-device ipad --minimum-deployment-target 26.0 --platform iphoneos --bundle-identifier com.jason.Jade --generate-swift-asset-symbols /Users/jason/Documents/BQTools/build/DerivedData/Build/Intermediates.noindex/Jade.build/Debug-iphoneos/Jade.build/DerivedSources/GeneratedAssetSymbols.swift --generate-objc-asset-symbols /Users/jason/Documents/BQTools/build/DerivedData/Build/Intermediates.noindex/Jade.build/Debug-iphoneos/Jade.build/DerivedSources/GeneratedAssetSymbols.h --generate-asset-symbol-index /Users/jason/Documents/BQTools/build/DerivedData/Build/Intermediates.noindex/Jade.build/Debug-iphoneos/Jade.build/DerivedSources/GeneratedAssetSymbols-Index.plist
/* com.apple.actool.compilation-results */
/Users/jason/Documents/BQTools/build/DerivedData/Build/Intermediates.noindex/Jade.build/Debug-iphoneos/Jade.build/DerivedSources/GeneratedAssetSymbols-Index.plist
/Users/jason/Documents/BQTools/build/DerivedData/Build/Intermediates.noindex/Jade.build/Debug-iphoneos/Jade.build/DerivedSources/GeneratedAssetSymbols.h
/Users/jason/Documents/BQTools/build/DerivedData/Build/Intermediates.noindex/Jade.build/Debug-iphoneos/Jade.build/DerivedSources/GeneratedAssetSymbols.swift


CpResource /Users/jason/Documents/BQTools/build/DerivedData/Build/Products/Debug-iphoneos/Jade.app/2026-08-14.md /Users/jason/Documents/BQTools/bad_query/.workbuddy/memory/2026-08-14.md (in target 'Jade' from project 'Jade')
    cd /Users/jason/Documents/BQTools
    builtin-copy -exclude .DS_Store -exclude CVS -exclude .svn -exclude .git -exclude .hg -resolve-src-symlinks /Users/jason/Documents/BQTools/bad_query/.workbuddy/memory/2026-08-14.md /Users/jason/Documents/BQTools/build/DerivedData/Build/Products/Debug-iphoneos/Jade.app

CpResource /Users/jason/Documents/BQTools/build/DerivedData/Build/Products/Debug-iphoneos/Jade.app/2026-08-12.md /Users/jason/Documents/BQTools/bad_query/.workbuddy/memory/2026-08-12.md (in target 'Jade' from project 'Jade')
    cd /Users/jason/Documents/BQTools
    builtin-copy -exclude .DS_Store -exclude CVS -exclude .svn -exclude .git -exclude .hg -resolve-src-symlinks /Users/jason/Documents/BQTools/bad_query/.workbuddy/memory/2026-08-12.md /Users/jason/Documents/BQTools/build/DerivedData/Build/Products/Debug-iphoneos/Jade.app

CompileAssetCatalogVariant thinned /Users/jason/Documents/BQTools/build/DerivedData/Build/Products/Debug-iphoneos/Jade.app /Users/jason/Documents/BQTools/bad_query/Assets.xcassets /Users/jason/Documents/BQTools/bad_query/JadeIcon.icon (in target 'Jade' from project 'Jade')
    cd /Users/jason/Documents/BQTools
    /Applications/Xcode-beta.app/Contents/Developer/usr/bin/actool /Users/jason/Documents/BQTools/bad_query/Assets.xcassets /Users/jason/Documents/BQTools/bad_query/JadeIcon.icon --compile /Users/jason/Documents/BQTools/build/DerivedData/Build/Intermediates.noindex/Jade.build/Debug-iphoneos/Jade.build/assetcatalog_output/thinned --output-format human-readable-text --notices --warnings --export-dependency-info /Users/jason/Documents/BQTools/build/DerivedData/Build/Intermediates.noindex/Jade.build/Debug-iphoneos/Jade.build/assetcatalog_dependencies_thinned --output-partial-info-plist /Users/jason/Documents/BQTools/build/DerivedData/Build/Intermediates.noindex/Jade.build/Debug-iphoneos/Jade.build/assetcatalog_generated_info.plist_thinned --app-icon JadeIcon --include-all-app-icons --accent-color AccentColor --compress-pngs --enable-on-demand-resources YES --development-region en --target-device iphone --target-device ipad --minimum-deployment-target 26.0 --platform iphoneos
/* com.apple.actool.compilation-results */
/Users/jason/Documents/BQTools/build/DerivedData/Build/Intermediates.noindex/Jade.build/Debug-iphoneos/Jade.build/assetcatalog_generated_info.plist_thinned
/Users/jason/Documents/BQTools/build/DerivedData/Build/Intermediates.noindex/Jade.build/Debug-iphoneos/Jade.build/assetcatalog_output/thinned/Assets.car
/Users/jason/Documents/BQTools/build/DerivedData/Build/Intermediates.noindex/Jade.build/Debug-iphoneos/Jade.build/assetcatalog_output/thinned/JadeIcon60x60@2x.png
/Users/jason/Documents/BQTools/build/DerivedData/Build/Intermediates.noindex/Jade.build/Debug-iphoneos/Jade.build/assetcatalog_output/thinned/JadeIcon76x76@2x~ipad.png


SwiftDriver Jade normal arm64 com.apple.xcode.tools.swift.compiler (in target 'Jade' from project 'Jade')
    cd /Users/jason/Documents/BQTools
    builtin-SwiftDriver -- /Applications/Xcode-beta.app/Contents/Developer/Toolchains/XcodeDefault.xctoolchain/usr/bin/swiftc -module-name Jade -Onone @/Users/jason/Documents/BQTools/build/DerivedData/Build/Intermediates.noindex/Jade.build/Debug-iphoneos/Jade.build/Objects-normal/arm64/Jade.SwiftFileList -DDEBUG -default-isolation\=MainActor -enable-bare-slash-regex -enable-upcoming-feature DisableOutwardActorInference -enable-upcoming-feature InferSendableFromCaptures -enable-upcoming-feature GlobalActorIsolatedTypesUsability -enable-upcoming-feature MemberImportVisibility -enable-upcoming-feature InferIsolatedConformances -enable-upcoming-feature NonisolatedNonsendingByDefault -enable-experimental-feature DebugDescriptionMacro -sdk /Applications/Xcode-beta.app/Contents/Developer/Platforms/iPhoneOS.platform/Developer/SDKs/iPhoneOS27.0.sdk -target arm64-apple-ios26.0 -g -module-cache-path /Users/jason/Documents/BQTools/build/DerivedData/ModuleCache.noindex -Xfrontend -serialize-debugging-options -enable-testing -index-store-path /Users/jason/Documents/BQTools/build/DerivedData/Index.noindex/DataStore -Xcc -D_LIBCPP_HARDENING_MODE\=_LIBCPP_HARDENING_MODE_DEBUG -swift-version 5 -I /Users/jason/Documents/BQTools/build/DerivedData/Build/Products/Debug-iphoneos -F /Users/jason/Documents/BQTools/build/DerivedData/Build/Products/Debug-iphoneos -F /Users/jason/Documents/BQTools/bad_query -emit-localized-strings -emit-localized-strings-path /Users/jason/Documents/BQTools/build/DerivedData/Build/Intermediates.noindex/Jade.build/Debug-iphoneos/Jade.build/Objects-normal/arm64 -c -j6 -enable-batch-mode -incremental -Xcc -ivfsstatcache -Xcc /Users/jason/Documents/BQTools/build/DerivedData/SDKStatCaches.noindex/iphoneos27.0-24A5380g-ab8728d0c5b464cc751fe8b4b02b9db3.sdkstatcache -output-file-map /Users/jason/Documents/BQTools/build/DerivedData/Build/Intermediates.noindex/Jade.build/Debug-iphoneos/Jade.build/Objects-normal/arm64/Jade-OutputFileMap.json -save-temps -no-color-diagnostics -explicit-module-build -module-cache-path /Users/jason/Documents/BQTools/build/DerivedData/Build/Intermediates.noindex/SwiftExplicitPrecompiledModules -clang-scanner-module-cache-path /Users/jason/Documents/BQTools/build/DerivedData/ModuleCache.noindex -sdk-module-cache-path /Users/jason/Documents/BQTools/build/DerivedData/SDKExplicitPrecompiledModules -emit-dependencies -emit-module -emit-module-path /Users/jason/Documents/BQTools/build/DerivedData/Build/Intermediates.noindex/Jade.build/Debug-iphoneos/Jade.build/Objects-normal/arm64/Jade.swiftmodule -serialize-diagnostics -dependency-scan-serialize-diagnostics-path /Users/jason/Documents/BQTools/build/DerivedData/Build/Intermediates.noindex/Jade.build/Debug-iphoneos/Jade.build/Objects-normal/arm64/Jade-dependency-scan.dia -validate-clang-modules-once -clang-build-session-file /Users/jason/Documents/BQTools/build/DerivedData/ModuleCache.noindex/Session.modulevalidation -Xcc -fmodules-prune-interval\=86400 -Xcc -fmodules-prune-after\=345600 -emit-const-values -const-gather-protocols-list /Users/jason/Documents/BQTools/build/DerivedData/Build/Intermediates.noindex/Jade.build/Debug-iphoneos/Jade.build/Objects-normal/arm64/Jade_const_extract_protocols.json -Xcc -iquote -Xcc /Users/jason/Documents/BQTools/build/DerivedData/Build/Intermediates.noindex/Jade.build/Debug-iphoneos/Jade.build/Jade-generated-files.hmap -Xcc -I/Users/jason/Documents/BQTools/build/DerivedData/Build/Intermediates.noindex/Jade.build/Debug-iphoneos/Jade.build/Jade-own-target-headers.hmap -Xcc -I/Users/jason/Documents/BQTools/build/DerivedData/Build/Intermediates.noindex/Jade.build/Debug-iphoneos/Jade.build/Jade-all-target-headers.hmap -Xcc -iquote -Xcc /Users/jason/Documents/BQTools/build/DerivedData/Build/Intermediates.noindex/Jade.build/Debug-iphoneos/Jade.build/Jade-project-headers.hmap -Xcc -I/Users/jason/Documents/BQTools/build/DerivedData/Build/Products/Debug-iphoneos/include -Xcc -I/Users/jason/Documents/BQTools/build/DerivedData/Build/Intermediates.noindex/Jade.build/Debug-iphoneos/Jade.build/DerivedSources-normal/arm64 -Xcc -I/Users/jason/Documents/BQTools/build/DerivedData/Build/Intermediates.noindex/Jade.build/Debug-iphoneos/Jade.build/DerivedSources/arm64 -Xcc -I/Users/jason/Documents/BQTools/build/DerivedData/Build/Intermediates.noindex/Jade.build/Debug-iphoneos/Jade.build/DerivedSources -Xcc -DDEBUG\=1 -emit-objc-header -emit-objc-header-path /Users/jason/Documents/BQTools/build/DerivedData/Build/Intermediates.noindex/Jade.build/Debug-iphoneos/Jade.build/Objects-normal/arm64/Jade-Swift.h -import-objc-header /Users/jason/Documents/BQTools/bad_query/bad_query-Bridging-Header.h -working-directory /Users/jason/Documents/BQTools -experimental-emit-module-separately -disable-cmo

SwiftExplicitDependencyGeneratePcm arm64 /Users/jason/Documents/BQTools/build/DerivedData/SDKExplicitPrecompiledModules/ptrcheck-5MSKEZH7NXBW6XE4KKLSURC4C.pcm

SwiftExplicitDependencyGeneratePcm arm64 /Users/jason/Documents/BQTools/build/DerivedData/SDKExplicitPrecompiledModules/_Builtin_stdbool-C8D62P7Y0SNJXM1F7K3N5UE7F.pcm

SwiftExplicitDependencyGeneratePcm arm64 /Users/jason/Documents/BQTools/build/DerivedData/SDKExplicitPrecompiledModules/SwiftShims-53K3CAZYX1ITBQ38PF8YV34OF.pcm

SwiftExplicitDependencyGeneratePcm arm64 /Users/jason/Documents/BQTools/build/DerivedData/SDKExplicitPrecompiledModules/_AvailabilityInternal-2FL8CTAED11YULJTAQJOWOR8S.pcm

SwiftExplicitDependencyGeneratePcm arm64 /Users/jason/Documents/BQTools/build/DerivedData/SDKExplicitPrecompiledModules/_Builtin_stddef-9QDC4ZO342TS629ISBOOXLF1Z.pcm

SwiftExplicitDependencyGeneratePcm arm64 /Users/jason/Documents/BQTools/build/DerivedData/SDKExplicitPrecompiledModules/ptrauth-4C283JDJ93FI7LLVL533I6T7L.pcm

SwiftExplicitDependencyGeneratePcm arm64 /Users/jason/Documents/BQTools/build/DerivedData/SDKExplicitPrecompiledModules/_SwiftConcurrencyShims-8IC4KRMG5BXOBYQO1HKPIV5XE.pcm

SwiftExplicitDependencyGeneratePcm arm64 /Users/jason/Documents/BQTools/build/DerivedData/SDKExplicitPrecompiledModules/_Builtin_stdarg-46YYX43YQ9U20OFP77LKQPCS9.pcm

SwiftExplicitDependencyGeneratePcm arm64 /Users/jason/Documents/BQTools/build/DerivedData/SDKExplicitPrecompiledModules/_Builtin_float-E4M0SUOAEJAGPPU001R492T5N.pcm

SwiftExplicitDependencyGeneratePcm arm64 /Users/jason/Documents/BQTools/build/DerivedData/SDKExplicitPrecompiledModules/DeveloperToolsSupport-ECU4438GDQBMLDZXULPZGKU6E.pcm

SwiftExplicitDependencyGeneratePcm arm64 /Users/jason/Documents/BQTools/build/DerivedData/SDKExplicitPrecompiledModules/_DarwinFoundation1-DF8P9NSYTF0Q12GVQ44ZGSZL2.pcm

SwiftExplicitDependencyGeneratePcm arm64 /Users/jason/Documents/BQTools/build/DerivedData/SDKExplicitPrecompiledModules/_Builtin_limits-2XESX3YY4FSO1JCXZSIZOWL1U.pcm

SwiftExplicitDependencyGeneratePcm arm64 /Users/jason/Documents/BQTools/build/DerivedData/SDKExplicitPrecompiledModules/_DarwinFoundation2-316KH49O18NH28IB4KE11164S.pcm

SwiftExplicitDependencyGeneratePcm arm64 /Users/jason/Documents/BQTools/build/DerivedData/SDKExplicitPrecompiledModules/sys_types-CTOFVYWBDSNGUVSKHQT5RJC2E.pcm

SwiftExplicitDependencyGeneratePcm arm64 /Users/jason/Documents/BQTools/build/DerivedData/SDKExplicitPrecompiledModules/_Builtin_tgmath-1YAY722B18DO23W43ZFPQ0TVH.pcm

SwiftExplicitDependencyGeneratePcm arm64 /Users/jason/Documents/BQTools/build/DerivedData/SDKExplicitPrecompiledModules/string_h-218YA4EWDENK9L1EEUW3F8ZAH.pcm

SwiftExplicitDependencyGeneratePcm arm64 /Users/jason/Documents/BQTools/build/DerivedData/SDKExplicitPrecompiledModules/_Builtin_stdint-33IZZ7UDEOQARK5FEXCWE5FPM.pcm

SwiftExplicitDependencyGeneratePcm arm64 /Users/jason/Documents/BQTools/build/DerivedData/SDKExplicitPrecompiledModules/_Builtin_stdatomic-EP0QA4BL9CECYLLMP1X94PUBH.pcm

SwiftExplicitDependencyGeneratePcm arm64 /Users/jason/Documents/BQTools/build/DerivedData/SDKExplicitPrecompiledModules/_Builtin_intrinsics-DJ2BLN0WK1QFBKDA7WUKJAWDK.pcm

SwiftExplicitDependencyGeneratePcm arm64 /Users/jason/Documents/BQTools/build/DerivedData/SDKExplicitPrecompiledModules/_DarwinFoundation3-7OSW1PIW688506MQNE5JLO8AF.pcm

SwiftExplicitDependencyGeneratePcm arm64 /Users/jason/Documents/BQTools/build/DerivedData/SDKExplicitPrecompiledModules/zlib-BPU7D0HFIJPQL00SESXE6IL9A.pcm

SwiftExplicitDependencyGeneratePcm arm64 /Users/jason/Documents/BQTools/build/DerivedData/SDKExplicitPrecompiledModules/_Builtin_inttypes-EUQPB2EXMAAF6TG7EY7C0WBZX.pcm

SwiftExplicitDependencyGeneratePcm arm64 /Users/jason/Documents/BQTools/build/DerivedData/SDKExplicitPrecompiledModules/Darwin-4TM9FPVMQ6M03ONOQN7202KLR.pcm

SwiftExplicitDependencyGeneratePcm arm64 /Users/jason/Documents/BQTools/build/DerivedData/SDKExplicitPrecompiledModules/simd-B3Y91V0UITSMG7QSZ661D5U2B.pcm

SwiftExplicitDependencyGeneratePcm arm64 /Users/jason/Documents/BQTools/build/DerivedData/SDKExplicitPrecompiledModules/MachO-91U0D5J6MY9PVEX4M0NQZKVWG.pcm

SwiftExplicitDependencyGeneratePcm arm64 /Users/jason/Documents/BQTools/build/DerivedData/SDKExplicitPrecompiledModules/ObjectiveC-AJS9JN1RJ1T7AKBMEBJH8KUT.pcm

SwiftExplicitDependencyGeneratePcm arm64 /Users/jason/Documents/BQTools/build/DerivedData/SDKExplicitPrecompiledModules/os_object-6QQS34Q41KOI91R6Z34ADAQYP.pcm

SwiftExplicitDependencyGeneratePcm arm64 /Users/jason/Documents/BQTools/build/DerivedData/SDKExplicitPrecompiledModules/os_workgroup-57BBOJWJ6ZB3Y3Y1QRV2QZSLI.pcm

SwiftExplicitDependencyGeneratePcm arm64 /Users/jason/Documents/BQTools/build/DerivedData/SDKExplicitPrecompiledModules/Dispatch-28U3PILM8M3NA93I4QC153HM0.pcm

SwiftExplicitDependencyGeneratePcm arm64 /Users/jason/Documents/BQTools/build/DerivedData/SDKExplicitPrecompiledModules/Spatial-2WI2GGTISAM2MIDJXE3XO3GSR.pcm

SwiftExplicitDependencyGeneratePcm arm64 /Users/jason/Documents/BQTools/build/DerivedData/SDKExplicitPrecompiledModules/XPC-3NUA83IRSHMAFD8KYYZVT8BJF.pcm

SwiftExplicitDependencyGeneratePcm arm64 /Users/jason/Documents/BQTools/build/DerivedData/SDKExplicitPrecompiledModules/CoreFoundation-EB03H68VH554Z9ZIPCTBJHO2X.pcm

SwiftExplicitDependencyGeneratePcm arm64 /Users/jason/Documents/BQTools/build/DerivedData/SDKExplicitPrecompiledModules/dnssd-8PJYUA14O7GYQQZZNIVWOBVZD.pcm

SwiftExplicitDependencyGeneratePcm arm64 /Users/jason/Documents/BQTools/build/DerivedData/SDKExplicitPrecompiledModules/os-BRMVIDCPLGLTR8QY9M0B8TYLT.pcm

SwiftExplicitDependencyGeneratePcm arm64 /Users/jason/Documents/BQTools/build/DerivedData/SDKExplicitPrecompiledModules/Security-4RH8UZQA1DQ9YY0R04WUO8K0I.pcm

SwiftExplicitDependencyGeneratePcm arm64 /Users/jason/Documents/BQTools/build/DerivedData/SDKExplicitPrecompiledModules/CFNetwork-2QR20QYQ1YTDYDYA165GP99DB.pcm

SwiftExplicitDependencyGeneratePcm arm64 /Users/jason/Documents/BQTools/build/DerivedData/SDKExplicitPrecompiledModules/CoreAudioTypes-74SKPBO2Q1T5K946VG6WSMSA5.pcm

SwiftExplicitDependencyGeneratePcm arm64 /Users/jason/Documents/BQTools/build/DerivedData/SDKExplicitPrecompiledModules/CoreGraphics-1GJOE4MN33BOMLUSQCL1DQPFG.pcm

SwiftExplicitDependencyGeneratePcm arm64 /Users/jason/Documents/BQTools/build/DerivedData/SDKExplicitPrecompiledModules/CoreAudio-AG7RIGLO33HXMLWXWVL9ZZ632.pcm

SwiftExplicitDependencyGeneratePcm arm64 /Users/jason/Documents/BQTools/build/DerivedData/SDKExplicitPrecompiledModules/Foundation-1TT0IS9WNDPKA3RMJ9GT2EI6X.pcm

SwiftExplicitDependencyGeneratePcm arm64 /Users/jason/Documents/BQTools/build/DerivedData/SDKExplicitPrecompiledModules/ImageIO-B1KU6BG3C8T8TC60SFEHSAX9Z.pcm

SwiftExplicitDependencyGeneratePcm arm64 /Users/jason/Documents/BQTools/build/DerivedData/SDKExplicitPrecompiledModules/CoreText-71AG5KJF77SXXAB0HIMI8RVDZ.pcm

LinkAssetCatalog /Users/jason/Documents/BQTools/bad_query/Assets.xcassets /Users/jason/Documents/BQTools/bad_query/JadeIcon.icon (in target 'Jade' from project 'Jade')
    cd /Users/jason/Documents/BQTools
    builtin-linkAssetCatalog --thinned /Users/jason/Documents/BQTools/build/DerivedData/Build/Intermediates.noindex/Jade.build/Debug-iphoneos/Jade.build/assetcatalog_output/thinned --thinned-dependencies /Users/jason/Documents/BQTools/build/DerivedData/Build/Intermediates.noindex/Jade.build/Debug-iphoneos/Jade.build/assetcatalog_dependencies_thinned --thinned-info-plist-content /Users/jason/Documents/BQTools/build/DerivedData/Build/Intermediates.noindex/Jade.build/Debug-iphoneos/Jade.build/assetcatalog_generated_info.plist_thinned --unthinned /Users/jason/Documents/BQTools/build/DerivedData/Build/Intermediates.noindex/Jade.build/Debug-iphoneos/Jade.build/assetcatalog_output/unthinned --unthinned-dependencies /Users/jason/Documents/BQTools/build/DerivedData/Build/Intermediates.noindex/Jade.build/Debug-iphoneos/Jade.build/assetcatalog_dependencies_unthinned --unthinned-info-plist-content /Users/jason/Documents/BQTools/build/DerivedData/Build/Intermediates.noindex/Jade.build/Debug-iphoneos/Jade.build/assetcatalog_generated_info.plist_unthinned --output /Users/jason/Documents/BQTools/build/DerivedData/Build/Products/Debug-iphoneos/Jade.app --plist-output /Users/jason/Documents/BQTools/build/DerivedData/Build/Intermediates.noindex/Jade.build/Debug-iphoneos/Jade.build/assetcatalog_generated_info.plist
note: Emplaced /Users/jason/Documents/BQTools/build/DerivedData/Build/Products/Debug-iphoneos/Jade.app/JadeIcon76x76@2x~ipad.png (in target 'Jade' from project 'Jade')
note: Emplaced /Users/jason/Documents/BQTools/build/DerivedData/Build/Products/Debug-iphoneos/Jade.app/JadeIcon60x60@2x.png (in target 'Jade' from project 'Jade')
note: Emplaced /Users/jason/Documents/BQTools/build/DerivedData/Build/Products/Debug-iphoneos/Jade.app/Assets.car (in target 'Jade' from project 'Jade')

ProcessInfoPlistFile /Users/jason/Documents/BQTools/build/DerivedData/Build/Products/Debug-iphoneos/Jade.app/Info.plist /Users/jason/Documents/BQTools/build/DerivedData/Build/Intermediates.noindex/Jade.build/Debug-iphoneos/Jade.build/empty-Jade.plist (in target 'Jade' from project 'Jade')
    cd /Users/jason/Documents/BQTools
    builtin-infoPlistUtility /Users/jason/Documents/BQTools/build/DerivedData/Build/Intermediates.noindex/Jade.build/Debug-iphoneos/Jade.build/empty-Jade.plist -producttype com.apple.product-type.application -genpkginfo /Users/jason/Documents/BQTools/build/DerivedData/Build/Products/Debug-iphoneos/Jade.app/PkgInfo -expandbuildsettings -format binary -platform iphoneos -additionalcontentfile /Users/jason/Documents/BQTools/build/DerivedData/Build/Intermediates.noindex/Jade.build/Debug-iphoneos/Jade.build/assetcatalog_generated_info.plist -requiredArchitecture arm64 -o /Users/jason/Documents/BQTools/build/DerivedData/Build/Products/Debug-iphoneos/Jade.app/Info.plist
warning: The value for NSLocationAlwaysAndWhenInUseUsageDescription must be a non-empty string. (in target 'Jade' from project 'Jade')

SwiftExplicitDependencyGeneratePcm arm64 /Users/jason/Documents/BQTools/build/DerivedData/SDKExplicitPrecompiledModules/UniformTypeIdentifiers-BA1LQEUAQGAADTIBGG92M4FC9.pcm

SwiftExplicitDependencyGeneratePcm arm64 /Users/jason/Documents/BQTools/build/DerivedData/SDKExplicitPrecompiledModules/IOSurface-9JFF0407OJD4AWJL91H9A3DOJ.pcm

SwiftExplicitDependencyGeneratePcm arm64 /Users/jason/Documents/BQTools/build/DerivedData/SDKExplicitPrecompiledModules/FileProvider-3IVMEDCGBDB71RWSYUCHUD7TJ.pcm

SwiftExplicitDependencyGeneratePcm arm64 /Users/jason/Documents/BQTools/build/DerivedData/SDKExplicitPrecompiledModules/Symbols-CEKM2ILQ8MIG1MSTKPZJ8TCIF.pcm

SwiftExplicitDependencyGeneratePcm arm64 /Users/jason/Documents/BQTools/build/DerivedData/SDKExplicitPrecompiledModules/Network-1NX2LZSLF7CFKAIAJRVS29UNL.pcm

SwiftExplicitDependencyGeneratePcm arm64 /Users/jason/Documents/BQTools/build/DerivedData/SDKExplicitPrecompiledModules/CoreTransferable-CBI1YMY3VUZK2AD08WYDNUY1O.pcm

SwiftExplicitDependencyGeneratePcm arm64 /Users/jason/Documents/BQTools/build/DerivedData/SDKExplicitPrecompiledModules/DataDetection-6OE71ZC287BRAP19M57VEGK28.pcm

SwiftExplicitDependencyGeneratePcm arm64 /Users/jason/Documents/BQTools/build/DerivedData/SDKExplicitPrecompiledModules/UIUtilities-51S21SBYZO5HBT61D65NPQA9N.pcm

SwiftExplicitDependencyGeneratePcm arm64 /Users/jason/Documents/BQTools/build/DerivedData/SDKExplicitPrecompiledModules/LocalAuthentication-BX7BO0WQKS1SIDNZRHH09FS2F.pcm

SwiftExplicitDependencyGeneratePcm arm64 /Users/jason/Documents/BQTools/build/DerivedData/SDKExplicitPrecompiledModules/OSLog-CFE51SB8D0HYLNVSMF5Y1YYCE.pcm

SwiftExplicitDependencyGeneratePcm arm64 /Users/jason/Documents/BQTools/build/DerivedData/SDKExplicitPrecompiledModules/Accessibility-2J70LSJE867YOE9CTUH24KLI.pcm

SwiftExplicitDependencyGeneratePcm arm64 /Users/jason/Documents/BQTools/build/DerivedData/SDKExplicitPrecompiledModules/Metal-CJAVNFDV86YPRN4UA81JMQNJR.pcm

SwiftExplicitDependencyGeneratePcm arm64 /Users/jason/Documents/BQTools/build/DerivedData/SDKExplicitPrecompiledModules/CoreData-ESVISIU7ZU5E7IMTASV8RA9E9.pcm

SwiftExplicitDependencyGeneratePcm arm64 /Users/jason/Documents/BQTools/build/DerivedData/SDKExplicitPrecompiledModules/_LocationEssentials-7LN5HOLDARO2HQMIV4Q69NOMU.pcm

SwiftExplicitDependencyGeneratePcm arm64 /Users/jason/Documents/BQTools/build/DerivedData/SDKExplicitPrecompiledModules/UserNotifications-CCFH4H6E6QOZDOB7BIGLK88NH.pcm

SwiftExplicitDependencyGeneratePcm arm64 /Users/jason/Documents/BQTools/build/DerivedData/SDKExplicitPrecompiledModules/OpenGLES-EPMRWP73ACKHVL8YNKCRMP9HR.pcm

SwiftExplicitDependencyGeneratePcm arm64 /Users/jason/Documents/BQTools/build/DerivedData/SDKExplicitPrecompiledModules/CoreLocation-4ZGLVZEP8S2VB3RYIU29ME91W.pcm

SwiftExplicitDependencyGeneratePcm arm64 /Users/jason/Documents/BQTools/build/DerivedData/SDKExplicitPrecompiledModules/CoreMotion-AV7AUF9ACR8MJTGVGRCKOI104.pcm

SwiftExplicitDependencyGeneratePcm arm64 /Users/jason/Documents/BQTools/build/DerivedData/SDKExplicitPrecompiledModules/CoreVideo-3ZV7CTS4IXSPE463L6Y1ABWDU.pcm

SwiftExplicitDependencyGeneratePcm arm64 /Users/jason/Documents/BQTools/build/DerivedData/SDKExplicitPrecompiledModules/QuartzCore-ECJEUXANEN6B50MV205JL102Y.pcm

SwiftExplicitDependencyGeneratePcm arm64 /Users/jason/Documents/BQTools/build/DerivedData/SDKExplicitPrecompiledModules/CoreMedia-4UX80IOUU5GW1L8PUQXBCJDC1.pcm

SwiftExplicitDependencyGeneratePcm arm64 /Users/jason/Documents/BQTools/build/DerivedData/SDKExplicitPrecompiledModules/CoreImage-Q20585ZE8LNY5CCFP7QOL42Q.pcm

SwiftExplicitDependencyGeneratePcm arm64 /Users/jason/Documents/BQTools/build/DerivedData/SDKExplicitPrecompiledModules/SwiftUICore-1R5WDZM85F89OQO7IL7RXKZZV.pcm

SwiftExplicitDependencyGeneratePcm arm64 /Users/jason/Documents/BQTools/build/DerivedData/SDKExplicitPrecompiledModules/UIKit-CSKJ2SBHCGFYCI32E219W70SY.pcm

SwiftExplicitDependencyGeneratePcm arm64 /Users/jason/Documents/BQTools/build/DerivedData/SDKExplicitPrecompiledModules/AuthenticationServices-96KWA3DO7OYW4W9NUSJD24HWA.pcm

SwiftExplicitDependencyGeneratePcm arm64 /Users/jason/Documents/BQTools/build/DerivedData/SDKExplicitPrecompiledModules/SwiftUI-98PS524HCX466LHUZXKL6WO14.pcm

SwiftExplicitDependencyGeneratePcm arm64 /Users/jason/Documents/BQTools/build/DerivedData/SDKExplicitPrecompiledModules/SafariServices-9UXU402GLA8OFU7SEDWAVGYF2.pcm

SwiftExplicitDependencyGeneratePcm arm64 /Users/jason/Documents/BQTools/build/DerivedData/SDKExplicitPrecompiledModules/WebKit-C54BZYJISAA2AINHFQNDCWQPZ.pcm

SwiftGeneratePch normal arm64 Compiling\ bridging\ header (in target 'Jade' from project 'Jade')
/Users/jason/Documents/BQTools/bad_query/bad_query-Bridging-Header.h:95:9: note: in file included from /Users/jason/Documents/BQTools/bad_query/bad_query-Bridging-Header.h:95:
 93 | #import <CoreGraphics/CoreGraphics.h>
 94 | @class _LSLazyPropertyList, _LSBundleIDValidationToken, _LSApplicationState, _LSDiskUsage, LSBundleProxy, LSApplicationProxy, LSInstallProgressList;
 95 | #import "CoreServices/_LSQueryResult.h"
    |         `- note: in file included from /Users/jason/Documents/BQTools/bad_query/bad_query-Bridging-Header.h:95:
 96 | #import "CoreServices/LSResourceProxy.h"
 97 | #import "CoreServices/LSBundleProxy.h"

/Users/jason/Documents/BQTools/bad_query/CoreServices/_LSQueryResult.h:10:28: warning: declaration of 'struct _NSZone' will not be visible outside of this function
 8 | 
 9 | - (id)_init;
10 | - (id)copyWithZone:(struct _NSZone { }*)arg1;
   |                            `- warning: declaration of 'struct _NSZone' will not be visible outside of this function
11 | - (void)encodeWithCoder:(id)arg1;
12 | - (id)init;

/Users/jason/Documents/BQTools/bad_query/bad_query-Bridging-Header.h:96:9: note: in file included from /Users/jason/Documents/BQTools/bad_query/bad_query-Bridging-Header.h:96:
 94 | @class _LSLazyPropertyList, _LSBundleIDValidationToken, _LSApplicationState, _LSDiskUsage, LSBundleProxy, LSApplicationProxy, LSInstallProgressList;
 95 | #import "CoreServices/_LSQueryResult.h"
 96 | #import "CoreServices/LSResourceProxy.h"
    |         `- note: in file included from /Users/jason/Documents/BQTools/bad_query/bad_query-Bridging-Header.h:96:
 97 | #import "CoreServices/LSBundleProxy.h"
 98 | #import "CoreServices/LSApplicationProxy.h"

/Users/jason/Documents/BQTools/bad_query/CoreServices/LSResourceProxy.h:74:28: warning: declaration of 'struct _NSZone' will not be visible outside of this function
 72 | - (id)_typeIconOwner;
 73 | - (bool)boundIconIsBadge;
 74 | - (id)copyWithZone:(struct _NSZone { }*)arg1;
    |                            `- warning: declaration of 'struct _NSZone' will not be visible outside of this function
 75 | - (void)dealloc;
 76 | - (void)encodeWithCoder:(id)arg1;

/Users/jason/Documents/BQTools/bad_query/bad_query-Bridging-Header.h:96:9: note: in file included from /Users/jason/Documents/BQTools/bad_query/bad_query-Bridging-Header.h:96:
 94 | @class _LSLazyPropertyList, _LSBundleIDValidationToken, _LSApplicationState, _LSDiskUsage, LSBundleProxy, LSApplicationProxy, LSInstallProgressList;
 95 | #import "CoreServices/_LSQueryResult.h"
 96 | #import "CoreServices/LSResourceProxy.h"
    |         `- note: in file included from /Users/jason/Documents/BQTools/bad_query/bad_query-Bridging-Header.h:96:
 97 | #import "CoreServices/LSBundleProxy.h"
 98 | #import "CoreServices/LSApplicationProxy.h"

/Users/jason/Documents/BQTools/bad_query/CoreServices/LSResourceProxy.h:22:79: warning: type of property '_boundApplicationIdentifier' does not match type of accessor '_setBoundApplicationIdentifier:'
 20 | }
 21 | 
 22 | @property (setter=_setBoundApplicationIdentifier:, nonatomic, copy) NSString *_boundApplicationIdentifier;
    |                                                                               `- warning: type of property '_boundApplicationIdentifier' does not match type of accessor '_setBoundApplicationIdentifier:'
 23 | @property (setter=_setBoundContainerURL:, nonatomic, copy) NSURL *_boundContainerURL;
 24 | @property (setter=_setBoundDataContainerURL:, nonatomic, copy) NSURL *_boundDataContainerURL;
    :
 56 | - (id)_privateDocumentIconNamesAsCacheKey;
 57 | - (id)_privateDocumentTypeIconOwner;
 58 | - (void)_setBoundApplicationIdentifier:(id)arg1;
    | `- note: declared here
 59 | - (void)_setBoundContainerURL:(id)arg1;
 60 | - (void)_setBoundDataContainerURL:(id)arg1;

/Users/jason/Documents/BQTools/bad_query/bad_query-Bridging-Header.h:96:9: note: in file included from /Users/jason/Documents/BQTools/bad_query/bad_query-Bridging-Header.h:96:
 94 | @class _LSLazyPropertyList, _LSBundleIDValidationToken, _LSApplicationState, _LSDiskUsage, LSBundleProxy, LSApplicationProxy, LSInstallProgressList;
 95 | #import "CoreServices/_LSQueryResult.h"
 96 | #import "CoreServices/LSResourceProxy.h"
    |         `- note: in file included from /Users/jason/Documents/BQTools/bad_query/bad_query-Bridging-Header.h:96:
 97 | #import "CoreServices/LSBundleProxy.h"
 98 | #import "CoreServices/LSApplicationProxy.h"

/Users/jason/Documents/BQTools/bad_query/CoreServices/LSResourceProxy.h:23:67: warning: type of property '_boundContainerURL' does not match type of accessor '_setBoundContainerURL:'
 21 | 
 22 | @property (setter=_setBoundApplicationIdentifier:, nonatomic, copy) NSString *_boundApplicationIdentifier;
 23 | @property (setter=_setBoundContainerURL:, nonatomic, copy) NSURL *_boundContainerURL;
    |                                                                   `- warning: type of property '_boundContainerURL' does not match type of accessor '_setBoundContainerURL:'
 24 | @property (setter=_setBoundDataContainerURL:, nonatomic, copy) NSURL *_boundDataContainerURL;
 25 | @property (setter=_setBoundIconCacheKey:, nonatomic, copy) NSString *_boundIconCacheKey;
    :
 57 | - (id)_privateDocumentTypeIconOwner;
 58 | - (void)_setBoundApplicationIdentifier:(id)arg1;
 59 | - (void)_setBoundContainerURL:(id)arg1;
    | `- note: declared here
 60 | - (void)_setBoundDataContainerURL:(id)arg1;
 61 | - (void)_setBoundIconCacheKey:(id)arg1;

/Users/jason/Documents/BQTools/bad_query/bad_query-Bridging-Header.h:96:9: note: in file included from /Users/jason/Documents/BQTools/bad_query/bad_query-Bridging-Header.h:96:
 94 | @class _LSLazyPropertyList, _LSBundleIDValidationToken, _LSApplicationState, _LSDiskUsage, LSBundleProxy, LSApplicationProxy, LSInstallProgressList;
 95 | #import "CoreServices/_LSQueryResult.h"
 96 | #import "CoreServices/LSResourceProxy.h"
    |         `- note: in file included from /Users/jason/Documents/BQTools/bad_query/bad_query-Bridging-Header.h:96:
 97 | #import "CoreServices/LSBundleProxy.h"
 98 | #import "CoreServices/LSApplicationProxy.h"

/Users/jason/Documents/BQTools/bad_query/CoreServices/LSResourceProxy.h:24:71: warning: type of property '_boundDataContainerURL' does not match type of accessor '_setBoundDataContainerURL:'
 22 | @property (setter=_setBoundApplicationIdentifier:, nonatomic, copy) NSString *_boundApplicationIdentifier;
 23 | @property (setter=_setBoundContainerURL:, nonatomic, copy) NSURL *_boundContainerURL;
 24 | @property (setter=_setBoundDataContainerURL:, nonatomic, copy) NSURL *_boundDataContainerURL;
    |                                                                       `- warning: type of property '_boundDataContainerURL' does not match type of accessor '_setBoundDataContainerURL:'
 25 | @property (setter=_setBoundIconCacheKey:, nonatomic, copy) NSString *_boundIconCacheKey;
 26 | @property (setter=_setBoundIconFileNames:, nonatomic, copy) NSArray *_boundIconFileNames;
    :
 58 | - (void)_setBoundApplicationIdentifier:(id)arg1;
 59 | - (void)_setBoundContainerURL:(id)arg1;
 60 | - (void)_setBoundDataContainerURL:(id)arg1;
    | `- note: declared here
 61 | - (void)_setBoundIconCacheKey:(id)arg1;
 62 | - (void)_setBoundIconFileNames:(id)arg1;

/Users/jason/Documents/BQTools/bad_query/bad_query-Bridging-Header.h:96:9: note: in file included from /Users/jason/Documents/BQTools/bad_query/bad_query-Bridging-Header.h:96:
 94 | @class _LSLazyPropertyList, _LSBundleIDValidationToken, _LSApplicationState, _LSDiskUsage, LSBundleProxy, LSApplicationProxy, LSInstallProgressList;
 95 | #import "CoreServices/_LSQueryResult.h"
 96 | #import "CoreServices/LSResourceProxy.h"
    |         `- note: in file included from /Users/jason/Documents/BQTools/bad_query/bad_query-Bridging-Header.h:96:
 97 | #import "CoreServices/LSBundleProxy.h"
 98 | #import "CoreServices/LSApplicationProxy.h"

/Users/jason/Documents/BQTools/bad_query/CoreServices/LSResourceProxy.h:25:70: warning: type of property '_boundIconCacheKey' does not match type of accessor '_setBoundIconCacheKey:'
 23 | @property (setter=_setBoundContainerURL:, nonatomic, copy) NSURL *_boundContainerURL;
 24 | @property (setter=_setBoundDataContainerURL:, nonatomic, copy) NSURL *_boundDataContainerURL;
 25 | @property (setter=_setBoundIconCacheKey:, nonatomic, copy) NSString *_boundIconCacheKey;
    |                                                                      `- warning: type of property '_boundIconCacheKey' does not match type of accessor '_setBoundIconCacheKey:'
 26 | @property (setter=_setBoundIconFileNames:, nonatomic, copy) NSArray *_boundIconFileNames;
 27 | @property (setter=_setBoundIconIsPrerendered:, nonatomic) bool _boundIconIsPrerendered;
    :
 59 | - (void)_setBoundContainerURL:(id)arg1;
 60 | - (void)_setBoundDataContainerURL:(id)arg1;
 61 | - (void)_setBoundIconCacheKey:(id)arg1;
    | `- note: declared here
 62 | - (void)_setBoundIconFileNames:(id)arg1;
 63 | - (void)_setBoundIconIsBadge:(bool)arg1;

/Users/jason/Documents/BQTools/bad_query/bad_query-Bridging-Header.h:96:9: note: in file included from /Users/jason/Documents/BQTools/bad_query/bad_query-Bridging-Header.h:96:
 94 | @class _LSLazyPropertyList, _LSBundleIDValidationToken, _LSApplicationState, _LSDiskUsage, LSBundleProxy, LSApplicationProxy, LSInstallProgressList;
 95 | #import "CoreServices/_LSQueryResult.h"
 96 | #import "CoreServices/LSResourceProxy.h"
    |         `- note: in file included from /Users/jason/Documents/BQTools/bad_query/bad_query-Bridging-Header.h:96:
 97 | #import "CoreServices/LSBundleProxy.h"
 98 | #import "CoreServices/LSApplicationProxy.h"

/Users/jason/Documents/BQTools/bad_query/CoreServices/LSResourceProxy.h:26:70: warning: type of property '_boundIconFileNames' does not match type of accessor '_setBoundIconFileNames:'
 24 | @property (setter=_setBoundDataContainerURL:, nonatomic, copy) NSURL *_boundDataContainerURL;
 25 | @property (setter=_setBoundIconCacheKey:, nonatomic, copy) NSString *_boundIconCacheKey;
 26 | @property (setter=_setBoundIconFileNames:, nonatomic, copy) NSArray *_boundIconFileNames;
    |                                                                      `- warning: type of property '_boundIconFileNames' does not match type of accessor '_setBoundIconFileNames:'
 27 | @property (setter=_setBoundIconIsPrerendered:, nonatomic) bool _boundIconIsPrerendered;
 28 | @property (setter=_setBoundIconsDictionary:, nonatomic, copy) _LSLazyPropertyList *_boundIconsDictionary;
    :
 60 | - (void)_setBoundDataContainerURL:(id)arg1;
 61 | - (void)_setBoundIconCacheKey:(id)arg1;
 62 | - (void)_setBoundIconFileNames:(id)arg1;
    | `- note: declared here
 63 | - (void)_setBoundIconIsBadge:(bool)arg1;
 64 | - (void)_setBoundIconIsPrerendered:(bool)arg1;

/Users/jason/Documents/BQTools/bad_query/bad_query-Bridging-Header.h:96:9: note: in file included from /Users/jason/Documents/BQTools/bad_query/bad_query-Bridging-Header.h:96:
 94 | @class _LSLazyPropertyList, _LSBundleIDValidationToken, _LSApplicationState, _LSDiskUsage, LSBundleProxy, LSApplicationProxy, LSInstallProgressList;
 95 | #import "CoreServices/_LSQueryResult.h"
 96 | #import "CoreServices/LSResourceProxy.h"
    |         `- note: in file included from /Users/jason/Documents/BQTools/bad_query/bad_query-Bridging-Header.h:96:
 97 | #import "CoreServices/LSBundleProxy.h"
 98 | #import "CoreServices/LSApplicationProxy.h"

/Users/jason/Documents/BQTools/bad_query/CoreServices/LSResourceProxy.h:28:84: warning: type of property '_boundIconsDictionary' does not match type of accessor '_setBoundIconsDictionary:'
 26 | @property (setter=_setBoundIconFileNames:, nonatomic, copy) NSArray *_boundIconFileNames;
 27 | @property (setter=_setBoundIconIsPrerendered:, nonatomic) bool _boundIconIsPrerendered;
 28 | @property (setter=_setBoundIconsDictionary:, nonatomic, copy) _LSLazyPropertyList *_boundIconsDictionary;
    |                                                                                    `- warning: type of property '_boundIconsDictionary' does not match type of accessor '_setBoundIconsDictionary:'
 29 | @property (setter=_setBoundResourcesDirectoryURL:, nonatomic, copy) NSURL *_boundResourcesDirectoryURL;
 30 | @property (setter=_setPrivateDocumentIconAllowOverride:, nonatomic) bool _privateDocumentIconAllowOverride;
    :
 63 | - (void)_setBoundIconIsBadge:(bool)arg1;
 64 | - (void)_setBoundIconIsPrerendered:(bool)arg1;
 65 | - (void)_setBoundIconsDictionary:(id)arg1;
    | `- note: declared here
 66 | - (void)_setBoundResourcesDirectoryURL:(id)arg1;
 67 | - (void)_setLocalizedName:(id)arg1;

/Users/jason/Documents/BQTools/bad_query/bad_query-Bridging-Header.h:96:9: note: in file included from /Users/jason/Documents/BQTools/bad_query/bad_query-Bridging-Header.h:96:
 94 | @class _LSLazyPropertyList, _LSBundleIDValidationToken, _LSApplicationState, _LSDiskUsage, LSBundleProxy, LSApplicationProxy, LSInstallProgressList;
 95 | #import "CoreServices/_LSQueryResult.h"
 96 | #import "CoreServices/LSResourceProxy.h"
    |         `- note: in file included from /Users/jason/Documents/BQTools/bad_query/bad_query-Bridging-Header.h:96:
 97 | #import "CoreServices/LSBundleProxy.h"
 98 | #import "CoreServices/LSApplicationProxy.h"

/Users/jason/Documents/BQTools/bad_query/CoreServices/LSResourceProxy.h:29:76: warning: type of property '_boundResourcesDirectoryURL' does not match type of accessor '_setBoundResourcesDirectoryURL:'
 27 | @property (setter=_setBoundIconIsPrerendered:, nonatomic) bool _boundIconIsPrerendered;
 28 | @property (setter=_setBoundIconsDictionary:, nonatomic, copy) _LSLazyPropertyList *_boundIconsDictionary;
 29 | @property (setter=_setBoundResourcesDirectoryURL:, nonatomic, copy) NSURL *_boundResourcesDirectoryURL;
    |                                                                            `- warning: type of property '_boundResourcesDirectoryURL' does not match type of accessor '_setBoundResourcesDirectoryURL:'
 30 | @property (setter=_setPrivateDocumentIconAllowOverride:, nonatomic) bool _privateDocumentIconAllowOverride;
 31 | @property (setter=_setPrivateDocumentIconNames:, nonatomic, copy) NSArray *_privateDocumentIconNames;
    :
 64 | - (void)_setBoundIconIsPrerendered:(bool)arg1;
 65 | - (void)_setBoundIconsDictionary:(id)arg1;
 66 | - (void)_setBoundResourcesDirectoryURL:(id)arg1;
    | `- note: declared here
 67 | - (void)_setLocalizedName:(id)arg1;
 68 | - (void)_setPrivateDocumentIconAllowOverride:(bool)arg1;

/Users/jason/Documents/BQTools/bad_query/bad_query-Bridging-Header.h:96:9: note: in file included from /Users/jason/Documents/BQTools/bad_query/bad_query-Bridging-Header.h:96:
 94 | @class _LSLazyPropertyList, _LSBundleIDValidationToken, _LSApplicationState, _LSDiskUsage, LSBundleProxy, LSApplicationProxy, LSInstallProgressList;
 95 | #import "CoreServices/_LSQueryResult.h"
 96 | #import "CoreServices/LSResourceProxy.h"
    |         `- note: in file included from /Users/jason/Documents/BQTools/bad_query/bad_query-Bridging-Header.h:96:
 97 | #import "CoreServices/LSBundleProxy.h"
 98 | #import "CoreServices/LSApplicationProxy.h"

/Users/jason/Documents/BQTools/bad_query/CoreServices/LSResourceProxy.h:31:76: warning: type of property '_privateDocumentIconNames' does not match type of accessor '_setPrivateDocumentIconNames:'
 29 | @property (setter=_setBoundResourcesDirectoryURL:, nonatomic, copy) NSURL *_boundResourcesDirectoryURL;
 30 | @property (setter=_setPrivateDocumentIconAllowOverride:, nonatomic) bool _privateDocumentIconAllowOverride;
 31 | @property (setter=_setPrivateDocumentIconNames:, nonatomic, copy) NSArray *_privateDocumentIconNames;
    |                                                                            `- warning: type of property '_privateDocumentIconNames' does not match type of accessor '_setPrivateDocumentIconNames:'
 32 | @property (setter=_setPrivateDocumentTypeIconOwner:, nonatomic, copy) LSBundleProxy *_privateDocumentTypeIconOwner;
 33 | @property (setter=_setTypeIconOwner:, nonatomic, copy) LSBundleProxy *_typeIconOwner;
    :
 67 | - (void)_setLocalizedName:(id)arg1;
 68 | - (void)_setPrivateDocumentIconAllowOverride:(bool)arg1;
 69 | - (void)_setPrivateDocumentIconNames:(id)arg1;
    | `- note: declared here
 70 | - (void)_setPrivateDocumentTypeIconOwner:(id)arg1;
 71 | - (void)_setTypeIconOwner:(id)arg1;

/Users/jason/Documents/BQTools/bad_query/bad_query-Bridging-Header.h:96:9: note: in file included from /Users/jason/Documents/BQTools/bad_query/bad_query-Bridging-Header.h:96:
 94 | @class _LSLazyPropertyList, _LSBundleIDValidationToken, _LSApplicationState, _LSDiskUsage, LSBundleProxy, LSApplicationProxy, LSInstallProgressList;
 95 | #import "CoreServices/_LSQueryResult.h"
 96 | #import "CoreServices/LSResourceProxy.h"
    |         `- note: in file included from /Users/jason/Documents/BQTools/bad_query/bad_query-Bridging-Header.h:96:
 97 | #import "CoreServices/LSBundleProxy.h"
 98 | #import "CoreServices/LSApplicationProxy.h"

/Users/jason/Documents/BQTools/bad_query/CoreServices/LSResourceProxy.h:32:86: warning: type of property '_privateDocumentTypeIconOwner' does not match type of accessor '_setPrivateDocumentTypeIconOwner:'
 30 | @property (setter=_setPrivateDocumentIconAllowOverride:, nonatomic) bool _privateDocumentIconAllowOverride;
 31 | @property (setter=_setPrivateDocumentIconNames:, nonatomic, copy) NSArray *_privateDocumentIconNames;
 32 | @property (setter=_setPrivateDocumentTypeIconOwner:, nonatomic, copy) LSBundleProxy *_privateDocumentTypeIconOwner;
    |                                                                                      `- warning: type of property '_privateDocumentTypeIconOwner' does not match type of accessor '_setPrivateDocumentTypeIconOwner:'
 33 | @property (setter=_setTypeIconOwner:, nonatomic, copy) LSBundleProxy *_typeIconOwner;
 34 | @property (setter=_setBoundIconIsBadge:, nonatomic) bool boundIconIsBadge;
    :
 68 | - (void)_setPrivateDocumentIconAllowOverride:(bool)arg1;
 69 | - (void)_setPrivateDocumentIconNames:(id)arg1;
 70 | - (void)_setPrivateDocumentTypeIconOwner:(id)arg1;
    | `- note: declared here
 71 | - (void)_setTypeIconOwner:(id)arg1;
 72 | - (id)_typeIconOwner;

/Users/jason/Documents/BQTools/bad_query/bad_query-Bridging-Header.h:96:9: note: in file included from /Users/jason/Documents/BQTools/bad_query/bad_query-Bridging-Header.h:96:
 94 | @class _LSLazyPropertyList, _LSBundleIDValidationToken, _LSApplicationState, _LSDiskUsage, LSBundleProxy, LSApplicationProxy, LSInstallProgressList;
 95 | #import "CoreServices/_LSQueryResult.h"
 96 | #import "CoreServices/LSResourceProxy.h"
    |         `- note: in file included from /Users/jason/Documents/BQTools/bad_query/bad_query-Bridging-Header.h:96:
 97 | #import "CoreServices/LSBundleProxy.h"
 98 | #import "CoreServices/LSApplicationProxy.h"

/Users/jason/Documents/BQTools/bad_query/CoreServices/LSResourceProxy.h:33:71: warning: type of property '_typeIconOwner' does not match type of accessor '_setTypeIconOwner:'
 31 | @property (setter=_setPrivateDocumentIconNames:, nonatomic, copy) NSArray *_privateDocumentIconNames;
 32 | @property (setter=_setPrivateDocumentTypeIconOwner:, nonatomic, copy) LSBundleProxy *_privateDocumentTypeIconOwner;
 33 | @property (setter=_setTypeIconOwner:, nonatomic, copy) LSBundleProxy *_typeIconOwner;
    |                                                                       `- warning: type of property '_typeIconOwner' does not match type of accessor '_setTypeIconOwner:'
 34 | @property (setter=_setBoundIconIsBadge:, nonatomic) bool boundIconIsBadge;
 35 | @property (nonatomic, readonly) NSDictionary *iconsDictionary;
    :
 69 | - (void)_setPrivateDocumentIconNames:(id)arg1;
 70 | - (void)_setPrivateDocumentTypeIconOwner:(id)arg1;
 71 | - (void)_setTypeIconOwner:(id)arg1;
    | `- note: declared here
 72 | - (id)_typeIconOwner;
 73 | - (bool)boundIconIsBadge;

/Users/jason/Documents/BQTools/bad_query/bad_query-Bridging-Header.h:96:9: note: in file included from /Users/jason/Documents/BQTools/bad_query/bad_query-Bridging-Header.h:96:
 94 | @class _LSLazyPropertyList, _LSBundleIDValidationToken, _LSApplicationState, _LSDiskUsage, LSBundleProxy, LSApplicationProxy, LSInstallProgressList;
 95 | #import "CoreServices/_LSQueryResult.h"
 96 | #import "CoreServices/LSResourceProxy.h"
    |         `- note: in file included from /Users/jason/Documents/BQTools/bad_query/bad_query-Bridging-Header.h:96:
 97 | #import "CoreServices/LSBundleProxy.h"
 98 | #import "CoreServices/LSApplicationProxy.h"

/Users/jason/Documents/BQTools/bad_query/CoreServices/LSResourceProxy.h:36:66: warning: type of property 'localizedName' does not match type of accessor '_setLocalizedName:'
 34 | @property (setter=_setBoundIconIsBadge:, nonatomic) bool boundIconIsBadge;
 35 | @property (nonatomic, readonly) NSDictionary *iconsDictionary;
 36 | @property (setter=_setLocalizedName:, nonatomic, copy) NSString *localizedName;
    |                                                                  `- warning: type of property 'localizedName' does not match type of accessor '_setLocalizedName:'
 37 | @property (nonatomic, readonly) NSString *primaryIconName;
 38 | @property (nonatomic) unsigned long long propertyListCachingStrategy;
    :
 65 | - (void)_setBoundIconsDictionary:(id)arg1;
 66 | - (void)_setBoundResourcesDirectoryURL:(id)arg1;
 67 | - (void)_setLocalizedName:(id)arg1;
    | `- note: declared here
 68 | - (void)_setPrivateDocumentIconAllowOverride:(bool)arg1;
 69 | - (void)_setPrivateDocumentIconNames:(id)arg1;

/Users/jason/Documents/BQTools/bad_query/bad_query-Bridging-Header.h:97:9: note: in file included from /Users/jason/Documents/BQTools/bad_query/bad_query-Bridging-Header.h:97:
 95 | #import "CoreServices/_LSQueryResult.h"
 96 | #import "CoreServices/LSResourceProxy.h"
 97 | #import "CoreServices/LSBundleProxy.h"
    |         `- note: in file included from /Users/jason/Documents/BQTools/bad_query/bad_query-Bridging-Header.h:97:
 98 | #import "CoreServices/LSApplicationProxy.h"
 99 | #import "CoreServices/LSInstallProgressList.h"

/Users/jason/Documents/BQTools/bad_query/CoreServices/LSBundleProxy.h:84:62: warning: declaration of 'struct LSContext' will not be visible outside of this function
 82 | - (id)_groupContainers;
 83 | - (id)_infoDictionary;
 84 | - (id)_initWithBundleUnit:(unsigned int)arg1 context:(struct LSContext { struct LSDatabase {} *x1; }*)arg2 bundleType:(unsigned long long)arg3 bundleID:(id)arg4 localizedName:(id)arg5 bundleContainerURL:(id)arg6 dataContainerURL:(id)arg7 resourcesDirectoryURL:(id)arg8 iconsDictionary:(id)arg9 iconFileNames:(id)arg10 version:(id)arg11;
    |                                                              `- warning: declaration of 'struct LSContext' will not be visible outside of this function
 85 | - (void)_setCompatibilityState:(unsigned long long)arg1;
 86 | - (void)_setEntitlements:(id)arg1;

/Users/jason/Documents/BQTools/bad_query/bad_query-Bridging-Header.h:97:9: note: in file included from /Users/jason/Documents/BQTools/bad_query/bad_query-Bridging-Header.h:97:
 95 | #import "CoreServices/_LSQueryResult.h"
 96 | #import "CoreServices/LSResourceProxy.h"
 97 | #import "CoreServices/LSBundleProxy.h"
    |         `- note: in file included from /Users/jason/Documents/BQTools/bad_query/bad_query-Bridging-Header.h:97:
 98 | #import "CoreServices/LSApplicationProxy.h"
 99 | #import "CoreServices/LSInstallProgressList.h"

/Users/jason/Documents/BQTools/bad_query/CoreServices/LSBundleProxy.h:84:81: warning: declaration of 'struct LSDatabase' will not be visible outside of this function
 82 | - (id)_groupContainers;
 83 | - (id)_infoDictionary;
 84 | - (id)_initWithBundleUnit:(unsigned int)arg1 context:(struct LSContext { struct LSDatabase {} *x1; }*)arg2 bundleType:(unsigned long long)arg3 bundleID:(id)arg4 localizedName:(id)arg5 bundleContainerURL:(id)arg6 dataContainerURL:(id)arg7 resourcesDirectoryURL:(id)arg8 iconsDictionary:(id)arg9 iconFileNames:(id)arg10 version:(id)arg11;
    |                                                                                 `- warning: declaration of 'struct LSDatabase' will not be visible outside of this function
 85 | - (void)_setCompatibilityState:(unsigned long long)arg1;
 86 | - (void)_setEntitlements:(id)arg1;

/Users/jason/Documents/BQTools/bad_query/bad_query-Bridging-Header.h:97:9: note: in file included from /Users/jason/Documents/BQTools/bad_query/bad_query-Bridging-Header.h:97:
 95 | #import "CoreServices/_LSQueryResult.h"
 96 | #import "CoreServices/LSResourceProxy.h"
 97 | #import "CoreServices/LSBundleProxy.h"
    |         `- note: in file included from /Users/jason/Documents/BQTools/bad_query/bad_query-Bridging-Header.h:97:
 98 | #import "CoreServices/LSApplicationProxy.h"
 99 | #import "CoreServices/LSInstallProgressList.h"

/Users/jason/Documents/BQTools/bad_query/CoreServices/LSBundleProxy.h:33:76: warning: type of property '_entitlements' does not match type of accessor '_setEntitlements:'
 31 | 
 32 | @property (nonatomic, readonly) bool UPPValidated;
 33 | @property (setter=_setEntitlements:, nonatomic, copy) _LSLazyPropertyList *_entitlements;
    |                                                                            `- warning: type of property '_entitlements' does not match type of accessor '_setEntitlements:'
 34 | @property (setter=_setEnvironmentVariables:, nonatomic, copy) _LSLazyPropertyList *_environmentVariables;
 35 | @property (setter=_setGroupContainers:, nonatomic, copy) _LSLazyPropertyList *_groupContainers;
    :
 84 | - (id)_initWithBundleUnit:(unsigned int)arg1 context:(struct LSContext { struct LSDatabase {} *x1; }*)arg2 bundleType:(unsigned long long)arg3 bundleID:(id)arg4 localizedName:(id)arg5 bundleContainerURL:(id)arg6 dataContainerURL:(id)arg7 resourcesDirectoryURL:(id)arg8 iconsDictionary:(id)arg9 iconFileNames:(id)arg10 version:(id)arg11;
 85 | - (void)_setCompatibilityState:(unsigned long long)arg1;
 86 | - (void)_setEntitlements:(id)arg1;
    | `- note: declared here
 87 | - (void)_setEnvironmentVariables:(id)arg1;
 88 | - (void)_setGroupContainers:(id)arg1;

/Users/jason/Documents/BQTools/bad_query/bad_query-Bridging-Header.h:97:9: note: in file included from /Users/jason/Documents/BQTools/bad_query/bad_query-Bridging-Header.h:97:
 95 | #import "CoreServices/_LSQueryResult.h"
 96 | #import "CoreServices/LSResourceProxy.h"
 97 | #import "CoreServices/LSBundleProxy.h"
    |         `- note: in file included from /Users/jason/Documents/BQTools/bad_query/bad_query-Bridging-Header.h:97:
 98 | #import "CoreServices/LSApplicationProxy.h"
 99 | #import "CoreServices/LSInstallProgressList.h"

/Users/jason/Documents/BQTools/bad_query/CoreServices/LSBundleProxy.h:34:84: warning: type of property '_environmentVariables' does not match type of accessor '_setEnvironmentVariables:'
 32 | @property (nonatomic, readonly) bool UPPValidated;
 33 | @property (setter=_setEntitlements:, nonatomic, copy) _LSLazyPropertyList *_entitlements;
 34 | @property (setter=_setEnvironmentVariables:, nonatomic, copy) _LSLazyPropertyList *_environmentVariables;
    |                                                                                    `- warning: type of property '_environmentVariables' does not match type of accessor '_setEnvironmentVariables:'
 35 | @property (setter=_setGroupContainers:, nonatomic, copy) _LSLazyPropertyList *_groupContainers;
 36 | @property (readonly) LSApplicationProxy *_inf_containingAppProxy;
    :
 85 | - (void)_setCompatibilityState:(unsigned long long)arg1;
 86 | - (void)_setEntitlements:(id)arg1;
 87 | - (void)_setEnvironmentVariables:(id)arg1;
    | `- note: declared here
 88 | - (void)_setGroupContainers:(id)arg1;
 89 | - (void)_setInfoDictionary:(id)arg1;

/Users/jason/Documents/BQTools/bad_query/bad_query-Bridging-Header.h:97:9: note: in file included from /Users/jason/Documents/BQTools/bad_query/bad_query-Bridging-Header.h:97:
 95 | #import "CoreServices/_LSQueryResult.h"
 96 | #import "CoreServices/LSResourceProxy.h"
 97 | #import "CoreServices/LSBundleProxy.h"
    |         `- note: in file included from /Users/jason/Documents/BQTools/bad_query/bad_query-Bridging-Header.h:97:
 98 | #import "CoreServices/LSApplicationProxy.h"
 99 | #import "CoreServices/LSInstallProgressList.h"

/Users/jason/Documents/BQTools/bad_query/CoreServices/LSBundleProxy.h:35:79: warning: type of property '_groupContainers' does not match type of accessor '_setGroupContainers:'
 33 | @property (setter=_setEntitlements:, nonatomic, copy) _LSLazyPropertyList *_entitlements;
 34 | @property (setter=_setEnvironmentVariables:, nonatomic, copy) _LSLazyPropertyList *_environmentVariables;
 35 | @property (setter=_setGroupContainers:, nonatomic, copy) _LSLazyPropertyList *_groupContainers;
    |                                                                               `- warning: type of property '_groupContainers' does not match type of accessor '_setGroupContainers:'
 36 | @property (readonly) LSApplicationProxy *_inf_containingAppProxy;
 37 | @property (readonly) bool _inf_isSystem;
    :
 86 | - (void)_setEntitlements:(id)arg1;
 87 | - (void)_setEnvironmentVariables:(id)arg1;
 88 | - (void)_setGroupContainers:(id)arg1;
    | `- note: declared here
 89 | - (void)_setInfoDictionary:(id)arg1;
 90 | - (void)_setValidationToken:(id)arg1;

/Users/jason/Documents/BQTools/bad_query/bad_query-Bridging-Header.h:97:9: note: in file included from /Users/jason/Documents/BQTools/bad_query/bad_query-Bridging-Header.h:97:
 95 | #import "CoreServices/_LSQueryResult.h"
 96 | #import "CoreServices/LSResourceProxy.h"
 97 | #import "CoreServices/LSBundleProxy.h"
    |         `- note: in file included from /Users/jason/Documents/BQTools/bad_query/bad_query-Bridging-Header.h:97:
 98 | #import "CoreServices/LSApplicationProxy.h"
 99 | #import "CoreServices/LSInstallProgressList.h"

/Users/jason/Documents/BQTools/bad_query/CoreServices/LSBundleProxy.h:39:78: warning: type of property '_infoDictionary' does not match type of accessor '_setInfoDictionary:'
 37 | @property (readonly) bool _inf_isSystem;
 38 | @property (readonly) bool _inf_isWatchKitAppExtension;
 39 | @property (setter=_setInfoDictionary:, nonatomic, copy) _LSLazyPropertyList *_infoDictionary;
    |                                                                              `- warning: type of property '_infoDictionary' does not match type of accessor '_setInfoDictionary:'
 40 | @property (setter=_setValidationToken:, nonatomic, retain) _LSBundleIDValidationToken *_validationToken;
 41 | @property (nonatomic, readonly) NSURL *appStoreReceiptURL;
    :
 87 | - (void)_setEnvironmentVariables:(id)arg1;
 88 | - (void)_setGroupContainers:(id)arg1;
 89 | - (void)_setInfoDictionary:(id)arg1;
    | `- note: declared here
 90 | - (void)_setValidationToken:(id)arg1;
 91 | - (id)_validationToken;

/Users/jason/Documents/BQTools/bad_query/bad_query-Bridging-Header.h:97:9: note: in file included from /Users/jason/Documents/BQTools/bad_query/bad_query-Bridging-Header.h:97:
 95 | #import "CoreServices/_LSQueryResult.h"
 96 | #import "CoreServices/LSResourceProxy.h"
 97 | #import "CoreServices/LSBundleProxy.h"
    |         `- note: in file included from /Users/jason/Documents/BQTools/bad_query/bad_query-Bridging-Header.h:97:
 98 | #import "CoreServices/LSApplicationProxy.h"
 99 | #import "CoreServices/LSInstallProgressList.h"

/Users/jason/Documents/BQTools/bad_query/CoreServices/LSBundleProxy.h:40:88: warning: type of property '_validationToken' does not match type of accessor '_setValidationToken:'
 38 | @property (readonly) bool _inf_isWatchKitAppExtension;
 39 | @property (setter=_setInfoDictionary:, nonatomic, copy) _LSLazyPropertyList *_infoDictionary;
 40 | @property (setter=_setValidationToken:, nonatomic, retain) _LSBundleIDValidationToken *_validationToken;
    |                                                                                        `- warning: type of property '_validationToken' does not match type of accessor '_setValidationToken:'
 41 | @property (nonatomic, readonly) NSURL *appStoreReceiptURL;
 42 | @property (nonatomic, readonly) NSURL *bundleContainerURL;
    :
 88 | - (void)_setGroupContainers:(id)arg1;
 89 | - (void)_setInfoDictionary:(id)arg1;
 90 | - (void)_setValidationToken:(id)arg1;
    | `- note: declared here
 91 | - (id)_validationToken;
 92 | - (id)_valueForEqualityTesting;

/Users/jason/Documents/BQTools/bad_query/bad_query-Bridging-Header.h:97:9: note: in file included from /Users/jason/Documents/BQTools/bad_query/bad_query-Bridging-Header.h:97:
 95 | #import "CoreServices/_LSQueryResult.h"
 96 | #import "CoreServices/LSResourceProxy.h"
 97 | #import "CoreServices/LSBundleProxy.h"
    |         `- note: in file included from /Users/jason/Documents/BQTools/bad_query/bad_query-Bridging-Header.h:97:
 98 | #import "CoreServices/LSApplicationProxy.h"
 99 | #import "CoreServices/LSInstallProgressList.h"

/Users/jason/Documents/BQTools/bad_query/CoreServices/LSBundleProxy.h:59:38: warning: type of property 'machOUUIDs' does not match type of accessor 'setMachOUUIDs:'
 57 | @property (nonatomic, readonly) NSDictionary *groupContainerURLs;
 58 | @property (nonatomic, readonly) NSString *localizedShortName;
 59 | @property (nonatomic, copy) NSArray *machOUUIDs;
    |                                      `- warning: type of property 'machOUUIDs' does not match type of accessor 'setMachOUUIDs:'
 60 | @property (nonatomic, readonly) bool profileValidated;
 61 | @property (setter=setSDKVersion:, nonatomic, copy) NSString *sdkVersion;
    :
128 | - (id)sdkVersion;
129 | - (unsigned long long)sequenceNumber;
130 | - (void)setMachOUUIDs:(id)arg1;
    | `- note: declared here
131 | - (void)setSDKVersion:(id)arg1;
132 | - (id)signerIdentity;

/Users/jason/Documents/BQTools/bad_query/bad_query-Bridging-Header.h:97:9: note: in file included from /Users/jason/Documents/BQTools/bad_query/bad_query-Bridging-Header.h:97:
 95 | #import "CoreServices/_LSQueryResult.h"
 96 | #import "CoreServices/LSResourceProxy.h"
 97 | #import "CoreServices/LSBundleProxy.h"
    |         `- note: in file included from /Users/jason/Documents/BQTools/bad_query/bad_query-Bridging-Header.h:97:
 98 | #import "CoreServices/LSApplicationProxy.h"
 99 | #import "CoreServices/LSInstallProgressList.h"

/Users/jason/Documents/BQTools/bad_query/CoreServices/LSBundleProxy.h:61:62: warning: type of property 'sdkVersion' does not match type of accessor 'setSDKVersion:'
 59 | @property (nonatomic, copy) NSArray *machOUUIDs;
 60 | @property (nonatomic, readonly) bool profileValidated;
 61 | @property (setter=setSDKVersion:, nonatomic, copy) NSString *sdkVersion;
    |                                                              `- warning: type of property 'sdkVersion' does not match type of accessor 'setSDKVersion:'
 62 | @property (nonatomic, readonly) unsigned long long sequenceNumber;
 63 | @property (nonatomic, readonly) NSString *signerIdentity;
    :
129 | - (unsigned long long)sequenceNumber;
130 | - (void)setMachOUUIDs:(id)arg1;
131 | - (void)setSDKVersion:(id)arg1;
    | `- note: declared here
132 | - (id)signerIdentity;
133 | - (id)signerOrganization;

/Users/jason/Documents/BQTools/bad_query/bad_query-Bridging-Header.h:98:9: note: in file included from /Users/jason/Documents/BQTools/bad_query/bad_query-Bridging-Header.h:98:
 96 | #import "CoreServices/LSResourceProxy.h"
 97 | #import "CoreServices/LSBundleProxy.h"
 98 | #import "CoreServices/LSApplicationProxy.h"
    |         `- note: in file included from /Users/jason/Documents/BQTools/bad_query/bad_query-Bridging-Header.h:98:
 99 | #import "CoreServices/LSInstallProgressList.h"
100 | #import "CoreServices/LSApplicationWorkspace.h"

/Users/jason/Documents/BQTools/bad_query/CoreServices/LSApplicationProxy.h:150:66: warning: declaration of 'struct LSContext' will not be visible outside of this function
148 | + (id)applicationProxyForIdentifier:(id)arg1;
149 | + (id)applicationProxyForIdentifier:(id)arg1 placeholder:(bool)arg2;
150 | + (id)applicationProxyForIdentifier:(id)arg1 withContext:(struct LSContext { struct LSDatabase {} *x1; }*)arg2;
    |                                                                  `- warning: declaration of 'struct LSContext' will not be visible outside of this function
151 | + (id)applicationProxyForItemID:(id)arg1;
152 | + (id)applicationProxyForSystemPlaceholder:(id)arg1;

/Users/jason/Documents/BQTools/bad_query/bad_query-Bridging-Header.h:98:9: note: in file included from /Users/jason/Documents/BQTools/bad_query/bad_query-Bridging-Header.h:98:
 96 | #import "CoreServices/LSResourceProxy.h"
 97 | #import "CoreServices/LSBundleProxy.h"
 98 | #import "CoreServices/LSApplicationProxy.h"
    |         `- note: in file included from /Users/jason/Documents/BQTools/bad_query/bad_query-Bridging-Header.h:98:
 99 | #import "CoreServices/LSInstallProgressList.h"
100 | #import "CoreServices/LSApplicationWorkspace.h"

/Users/jason/Documents/BQTools/bad_query/CoreServices/LSApplicationProxy.h:150:85: warning: declaration of 'struct LSDatabase' will not be visible outside of this function
148 | + (id)applicationProxyForIdentifier:(id)arg1;
149 | + (id)applicationProxyForIdentifier:(id)arg1 placeholder:(bool)arg2;
150 | + (id)applicationProxyForIdentifier:(id)arg1 withContext:(struct LSContext { struct LSDatabase {} *x1; }*)arg2;
    |                                                                                     `- warning: declaration of 'struct LSDatabase' will not be visible outside of this function
151 | + (id)applicationProxyForItemID:(id)arg1;
152 | + (id)applicationProxyForSystemPlaceholder:(id)arg1;

/Users/jason/Documents/BQTools/bad_query/bad_query-Bridging-Header.h:98:9: note: in file included from /Users/jason/Documents/BQTools/bad_query/bad_query-Bridging-Header.h:98:
 96 | #import "CoreServices/LSResourceProxy.h"
 97 | #import "CoreServices/LSBundleProxy.h"
 98 | #import "CoreServices/LSApplicationProxy.h"
    |         `- note: in file included from /Users/jason/Documents/BQTools/bad_query/bad_query-Bridging-Header.h:98:
 99 | #import "CoreServices/LSInstallProgressList.h"
100 | #import "CoreServices/LSApplicationWorkspace.h"

/Users/jason/Documents/BQTools/bad_query/CoreServices/LSApplicationProxy.h:153:79: warning: declaration of 'struct LSContext' will not be visible outside of this function
151 | + (id)applicationProxyForItemID:(id)arg1;
152 | + (id)applicationProxyForSystemPlaceholder:(id)arg1;
153 | + (id)applicationProxyWithBundleUnitID:(unsigned int)arg1 withContext:(struct LSContext { struct LSDatabase {} *x1; }*)arg2;
    |                                                                               `- warning: declaration of 'struct LSContext' will not be visible outside of this function
154 | + (id)iconQueue;
155 | + (bool)supportsSecureCoding;

/Users/jason/Documents/BQTools/bad_query/bad_query-Bridging-Header.h:98:9: note: in file included from /Users/jason/Documents/BQTools/bad_query/bad_query-Bridging-Header.h:98:
 96 | #import "CoreServices/LSResourceProxy.h"
 97 | #import "CoreServices/LSBundleProxy.h"
 98 | #import "CoreServices/LSApplicationProxy.h"
    |         `- note: in file included from /Users/jason/Documents/BQTools/bad_query/bad_query-Bridging-Header.h:98:
 99 | #import "CoreServices/LSInstallProgressList.h"
100 | #import "CoreServices/LSApplicationWorkspace.h"

/Users/jason/Documents/BQTools/bad_query/CoreServices/LSApplicationProxy.h:153:98: warning: declaration of 'struct LSDatabase' will not be visible outside of this function
151 | + (id)applicationProxyForItemID:(id)arg1;
152 | + (id)applicationProxyForSystemPlaceholder:(id)arg1;
153 | + (id)applicationProxyWithBundleUnitID:(unsigned int)arg1 withContext:(struct LSContext { struct LSDatabase {} *x1; }*)arg2;
    |                                                                                                  `- warning: declaration of 'struct LSDatabase' will not be visible outside of this function
154 | + (id)iconQueue;
155 | + (bool)supportsSecureCoding;

/Users/jason/Documents/BQTools/bad_query/bad_query-Bridging-Header.h:98:9: note: in file included from /Users/jason/Documents/BQTools/bad_query/bad_query-Bridging-Header.h:98:
 96 | #import "CoreServices/LSResourceProxy.h"
 97 | #import "CoreServices/LSBundleProxy.h"
 98 | #import "CoreServices/LSApplicationProxy.h"
    |         `- note: in file included from /Users/jason/Documents/BQTools/bad_query/bad_query-Bridging-Header.h:98:
 99 | #import "CoreServices/LSInstallProgressList.h"
100 | #import "CoreServices/LSApplicationWorkspace.h"

/Users/jason/Documents/BQTools/bad_query/CoreServices/LSApplicationProxy.h:161:62: warning: declaration of 'struct LSContext' will not be visible outside of this function
159 | - (bool)UPPValidated;
160 | - (id)VPNPlugins;
161 | - (id)_initWithBundleUnit:(unsigned int)arg1 context:(struct LSContext { struct LSDatabase {} *x1; }*)arg2 applicationIdentifier:(id)arg3;
    |                                                              `- warning: declaration of 'struct LSContext' will not be visible outside of this function
162 | - (id)activityTypes;
163 | - (id)alternateIconName;

/Users/jason/Documents/BQTools/bad_query/bad_query-Bridging-Header.h:98:9: note: in file included from /Users/jason/Documents/BQTools/bad_query/bad_query-Bridging-Header.h:98:
 96 | #import "CoreServices/LSResourceProxy.h"
 97 | #import "CoreServices/LSBundleProxy.h"
 98 | #import "CoreServices/LSApplicationProxy.h"
    |         `- note: in file included from /Users/jason/Documents/BQTools/bad_query/bad_query-Bridging-Header.h:98:
 99 | #import "CoreServices/LSInstallProgressList.h"
100 | #import "CoreServices/LSApplicationWorkspace.h"

/Users/jason/Documents/BQTools/bad_query/CoreServices/LSApplicationProxy.h:161:81: warning: declaration of 'struct LSDatabase' will not be visible outside of this function
159 | - (bool)UPPValidated;
160 | - (id)VPNPlugins;
161 | - (id)_initWithBundleUnit:(unsigned int)arg1 context:(struct LSContext { struct LSDatabase {} *x1; }*)arg2 applicationIdentifier:(id)arg3;
    |                                                                                 `- warning: declaration of 'struct LSDatabase' will not be visible outside of this function
162 | - (id)activityTypes;
163 | - (id)alternateIconName;

/Users/jason/Documents/BQTools/bad_query/bad_query-Bridging-Header.h:95:9: note: in file included from /Users/jason/Documents/BQTools/bad_query/bad_query-Bridging-Header.h:95:
 93 | #import <CoreGraphics/CoreGraphics.h>
 94 | @class _LSLazyPropertyList, _LSBundleIDValidationToken, _LSApplicationState, _LSDiskUsage, LSBundleProxy, LSApplicationProxy, LSInstallProgressList;
 95 | #import "CoreServices/_LSQueryResult.h"
    |         `- note: in file included from /Users/jason/Documents/BQTools/bad_query/bad_query-Bridging-Header.h:95:
 96 | #import "CoreServices/LSResourceProxy.h"
 97 | #import "CoreServices/LSBundleProxy.h"

/Users/jason/Documents/BQTools/bad_query/CoreServices/_LSQueryResult.h:10:28: warning: declaration of 'struct _NSZone' will not be visible outside of this function
 8 | 
 9 | - (id)_init;
10 | - (id)copyWithZone:(struct _NSZone { }*)arg1;
   |                            `- warning: declaration of 'struct _NSZone' will not be visible outside of this function
11 | - (void)encodeWithCoder:(id)arg1;
12 | - (id)init;

/Users/jason/Documents/BQTools/bad_query/bad_query-Bridging-Header.h:96:9: note: in file included from /Users/jason/Documents/BQTools/bad_query/bad_query-Bridging-Header.h:96:
 94 | @class _LSLazyPropertyList, _LSBundleIDValidationToken, _LSApplicationState, _LSDiskUsage, LSBundleProxy, LSApplicationProxy, LSInstallProgressList;
 95 | #import "CoreServices/_LSQueryResult.h"
 96 | #import "CoreServices/LSResourceProxy.h"
    |         `- note: in file included from /Users/jason/Documents/BQTools/bad_query/bad_query-Bridging-Header.h:96:
 97 | #import "CoreServices/LSBundleProxy.h"
 98 | #import "CoreServices/LSApplicationProxy.h"

/Users/jason/Documents/BQTools/bad_query/CoreServices/LSResourceProxy.h:74:28: warning: declaration of 'struct _NSZone' will not be visible outside of this function
 72 | - (id)_typeIconOwner;
 73 | - (bool)boundIconIsBadge;
 74 | - (id)copyWithZone:(struct _NSZone { }*)arg1;
    |                            `- warning: declaration of 'struct _NSZone' will not be visible outside of this function
 75 | - (void)dealloc;
 76 | - (void)encodeWithCoder:(id)arg1;

/Users/jason/Documents/BQTools/bad_query/bad_query-Bridging-Header.h:96:9: note: in file included from /Users/jason/Documents/BQTools/bad_query/bad_query-Bridging-Header.h:96:
 94 | @class _LSLazyPropertyList, _LSBundleIDValidationToken, _LSApplicationState, _LSDiskUsage, LSBundleProxy, LSApplicationProxy, LSInstallProgressList;
 95 | #import "CoreServices/_LSQueryResult.h"
 96 | #import "CoreServices/LSResourceProxy.h"
    |         `- note: in file included from /Users/jason/Documents/BQTools/bad_query/bad_query-Bridging-Header.h:96:
 97 | #import "CoreServices/LSBundleProxy.h"
 98 | #import "CoreServices/LSApplicationProxy.h"

/Users/jason/Documents/BQTools/bad_query/CoreServices/LSResourceProxy.h:22:79: warning: type of property '_boundApplicationIdentifier' does not match type of accessor '_setBoundApplicationIdentifier:'
 20 | }
 21 | 
 22 | @property (setter=_setBoundApplicationIdentifier:, nonatomic, copy) NSString *_boundApplicationIdentifier;
    |                                                                               `- warning: type of property '_boundApplicationIdentifier' does not match type of accessor '_setBoundApplicationIdentifier:'
 23 | @property (setter=_setBoundContainerURL:, nonatomic, copy) NSURL *_boundContainerURL;
 24 | @property (setter=_setBoundDataContainerURL:, nonatomic, copy) NSURL *_boundDataContainerURL;
    :
 56 | - (id)_privateDocumentIconNamesAsCacheKey;
 57 | - (id)_privateDocumentTypeIconOwner;
 58 | - (void)_setBoundApplicationIdentifier:(id)arg1;
    | `- note: declared here
 59 | - (void)_setBoundContainerURL:(id)arg1;
 60 | - (void)_setBoundDataContainerURL:(id)arg1;

/Users/jason/Documents/BQTools/bad_query/bad_query-Bridging-Header.h:96:9: note: in file included from /Users/jason/Documents/BQTools/bad_query/bad_query-Bridging-Header.h:96:
 94 | @class _LSLazyPropertyList, _LSBundleIDValidationToken, _LSApplicationState, _LSDiskUsage, LSBundleProxy, LSApplicationProxy, LSInstallProgressList;
 95 | #import "CoreServices/_LSQueryResult.h"
 96 | #import "CoreServices/LSResourceProxy.h"
    |         `- note: in file included from /Users/jason/Documents/BQTools/bad_query/bad_query-Bridging-Header.h:96:
 97 | #import "CoreServices/LSBundleProxy.h"
 98 | #import "CoreServices/LSApplicationProxy.h"

/Users/jason/Documents/BQTools/bad_query/CoreServices/LSResourceProxy.h:23:67: warning: type of property '_boundContainerURL' does not match type of accessor '_setBoundContainerURL:'
 21 | 
 22 | @property (setter=_setBoundApplicationIdentifier:, nonatomic, copy) NSString *_boundApplicationIdentifier;
 23 | @property (setter=_setBoundContainerURL:, nonatomic, copy) NSURL *_boundContainerURL;
    |                                                                   `- warning: type of property '_boundContainerURL' does not match type of accessor '_setBoundContainerURL:'
 24 | @property (setter=_setBoundDataContainerURL:, nonatomic, copy) NSURL *_boundDataContainerURL;
 25 | @property (setter=_setBoundIconCacheKey:, nonatomic, copy) NSString *_boundIconCacheKey;
    :
 57 | - (id)_privateDocumentTypeIconOwner;
 58 | - (void)_setBoundApplicationIdentifier:(id)arg1;
 59 | - (void)_setBoundContainerURL:(id)arg1;
    | `- note: declared here
 60 | - (void)_setBoundDataContainerURL:(id)arg1;
 61 | - (void)_setBoundIconCacheKey:(id)arg1;

/Users/jason/Documents/BQTools/bad_query/bad_query-Bridging-Header.h:96:9: note: in file included from /Users/jason/Documents/BQTools/bad_query/bad_query-Bridging-Header.h:96:
 94 | @class _LSLazyPropertyList, _LSBundleIDValidationToken, _LSApplicationState, _LSDiskUsage, LSBundleProxy, LSApplicationProxy, LSInstallProgressList;
 95 | #import "CoreServices/_LSQueryResult.h"
 96 | #import "CoreServices/LSResourceProxy.h"
    |         `- note: in file included from /Users/jason/Documents/BQTools/bad_query/bad_query-Bridging-Header.h:96:
 97 | #import "CoreServices/LSBundleProxy.h"
 98 | #import "CoreServices/LSApplicationProxy.h"

/Users/jason/Documents/BQTools/bad_query/CoreServices/LSResourceProxy.h:24:71: warning: type of property '_boundDataContainerURL' does not match type of accessor '_setBoundDataContainerURL:'
 22 | @property (setter=_setBoundApplicationIdentifier:, nonatomic, copy) NSString *_boundApplicationIdentifier;
 23 | @property (setter=_setBoundContainerURL:, nonatomic, copy) NSURL *_boundContainerURL;
 24 | @property (setter=_setBoundDataContainerURL:, nonatomic, copy) NSURL *_boundDataContainerURL;
    |                                                                       `- warning: type of property '_boundDataContainerURL' does not match type of accessor '_setBoundDataContainerURL:'
 25 | @property (setter=_setBoundIconCacheKey:, nonatomic, copy) NSString *_boundIconCacheKey;
 26 | @property (setter=_setBoundIconFileNames:, nonatomic, copy) NSArray *_boundIconFileNames;
    :
 58 | - (void)_setBoundApplicationIdentifier:(id)arg1;
 59 | - (void)_setBoundContainerURL:(id)arg1;
 60 | - (void)_setBoundDataContainerURL:(id)arg1;
    | `- note: declared here
 61 | - (void)_setBoundIconCacheKey:(id)arg1;
 62 | - (void)_setBoundIconFileNames:(id)arg1;

/Users/jason/Documents/BQTools/bad_query/bad_query-Bridging-Header.h:96:9: note: in file included from /Users/jason/Documents/BQTools/bad_query/bad_query-Bridging-Header.h:96:
 94 | @class _LSLazyPropertyList, _LSBundleIDValidationToken, _LSApplicationState, _LSDiskUsage, LSBundleProxy, LSApplicationProxy, LSInstallProgressList;
 95 | #import "CoreServices/_LSQueryResult.h"
 96 | #import "CoreServices/LSResourceProxy.h"
    |         `- note: in file included from /Users/jason/Documents/BQTools/bad_query/bad_query-Bridging-Header.h:96:
 97 | #import "CoreServices/LSBundleProxy.h"
 98 | #import "CoreServices/LSApplicationProxy.h"

/Users/jason/Documents/BQTools/bad_query/CoreServices/LSResourceProxy.h:25:70: warning: type of property '_boundIconCacheKey' does not match type of accessor '_setBoundIconCacheKey:'
 23 | @property (setter=_setBoundContainerURL:, nonatomic, copy) NSURL *_boundContainerURL;
 24 | @property (setter=_setBoundDataContainerURL:, nonatomic, copy) NSURL *_boundDataContainerURL;
 25 | @property (setter=_setBoundIconCacheKey:, nonatomic, copy) NSString *_boundIconCacheKey;
    |                                                                      `- warning: type of property '_boundIconCacheKey' does not match type of accessor '_setBoundIconCacheKey:'
 26 | @property (setter=_setBoundIconFileNames:, nonatomic, copy) NSArray *_boundIconFileNames;
 27 | @property (setter=_setBoundIconIsPrerendered:, nonatomic) bool _boundIconIsPrerendered;
    :
 59 | - (void)_setBoundContainerURL:(id)arg1;
 60 | - (void)_setBoundDataContainerURL:(id)arg1;
 61 | - (void)_setBoundIconCacheKey:(id)arg1;
    | `- note: declared here
 62 | - (void)_setBoundIconFileNames:(id)arg1;
 63 | - (void)_setBoundIconIsBadge:(bool)arg1;

/Users/jason/Documents/BQTools/bad_query/bad_query-Bridging-Header.h:96:9: note: in file included from /Users/jason/Documents/BQTools/bad_query/bad_query-Bridging-Header.h:96:
 94 | @class _LSLazyPropertyList, _LSBundleIDValidationToken, _LSApplicationState, _LSDiskUsage, LSBundleProxy, LSApplicationProxy, LSInstallProgressList;
 95 | #import "CoreServices/_LSQueryResult.h"
 96 | #import "CoreServices/LSResourceProxy.h"
    |         `- note: in file included from /Users/jason/Documents/BQTools/bad_query/bad_query-Bridging-Header.h:96:
 97 | #import "CoreServices/LSBundleProxy.h"
 98 | #import "CoreServices/LSApplicationProxy.h"

/Users/jason/Documents/BQTools/bad_query/CoreServices/LSResourceProxy.h:26:70: warning: type of property '_boundIconFileNames' does not match type of accessor '_setBoundIconFileNames:'
 24 | @property (setter=_setBoundDataContainerURL:, nonatomic, copy) NSURL *_boundDataContainerURL;
 25 | @property (setter=_setBoundIconCacheKey:, nonatomic, copy) NSString *_boundIconCacheKey;
 26 | @property (setter=_setBoundIconFileNames:, nonatomic, copy) NSArray *_boundIconFileNames;
    |                                                                      `- warning: type of property '_boundIconFileNames' does not match type of accessor '_setBoundIconFileNames:'
 27 | @property (setter=_setBoundIconIsPrerendered:, nonatomic) bool _boundIconIsPrerendered;
 28 | @property (setter=_setBoundIconsDictionary:, nonatomic, copy) _LSLazyPropertyList *_boundIconsDictionary;
    :
 60 | - (void)_setBoundDataContainerURL:(id)arg1;
 61 | - (void)_setBoundIconCacheKey:(id)arg1;
 62 | - (void)_setBoundIconFileNames:(id)arg1;
    | `- note: declared here
 63 | - (void)_setBoundIconIsBadge:(bool)arg1;
 64 | - (void)_setBoundIconIsPrerendered:(bool)arg1;

/Users/jason/Documents/BQTools/bad_query/bad_query-Bridging-Header.h:96:9: note: in file included from /Users/jason/Documents/BQTools/bad_query/bad_query-Bridging-Header.h:96:
 94 | @class _LSLazyPropertyList, _LSBundleIDValidationToken, _LSApplicationState, _LSDiskUsage, LSBundleProxy, LSApplicationProxy, LSInstallProgressList;
 95 | #import "CoreServices/_LSQueryResult.h"
 96 | #import "CoreServices/LSResourceProxy.h"
    |         `- note: in file included from /Users/jason/Documents/BQTools/bad_query/bad_query-Bridging-Header.h:96:
 97 | #import "CoreServices/LSBundleProxy.h"
 98 | #import "CoreServices/LSApplicationProxy.h"

/Users/jason/Documents/BQTools/bad_query/CoreServices/LSResourceProxy.h:28:84: warning: type of property '_boundIconsDictionary' does not match type of accessor '_setBoundIconsDictionary:'
 26 | @property (setter=_setBoundIconFileNames:, nonatomic, copy) NSArray *_boundIconFileNames;
 27 | @property (setter=_setBoundIconIsPrerendered:, nonatomic) bool _boundIconIsPrerendered;
 28 | @property (setter=_setBoundIconsDictionary:, nonatomic, copy) _LSLazyPropertyList *_boundIconsDictionary;
    |                                                                                    `- warning: type of property '_boundIconsDictionary' does not match type of accessor '_setBoundIconsDictionary:'
 29 | @property (setter=_setBoundResourcesDirectoryURL:, nonatomic, copy) NSURL *_boundResourcesDirectoryURL;
 30 | @property (setter=_setPrivateDocumentIconAllowOverride:, nonatomic) bool _privateDocumentIconAllowOverride;
    :
 63 | - (void)_setBoundIconIsBadge:(bool)arg1;
 64 | - (void)_setBoundIconIsPrerendered:(bool)arg1;
 65 | - (void)_setBoundIconsDictionary:(id)arg1;
    | `- note: declared here
 66 | - (void)_setBoundResourcesDirectoryURL:(id)arg1;
 67 | - (void)_setLocalizedName:(id)arg1;

/Users/jason/Documents/BQTools/bad_query/bad_query-Bridging-Header.h:96:9: note: in file included from /Users/jason/Documents/BQTools/bad_query/bad_query-Bridging-Header.h:96:
 94 | @class _LSLazyPropertyList, _LSBundleIDValidationToken, _LSApplicationState, _LSDiskUsage, LSBundleProxy, LSApplicationProxy, LSInstallProgressList;
 95 | #import "CoreServices/_LSQueryResult.h"
 96 | #import "CoreServices/LSResourceProxy.h"
    |         `- note: in file included from /Users/jason/Documents/BQTools/bad_query/bad_query-Bridging-Header.h:96:
 97 | #import "CoreServices/LSBundleProxy.h"
 98 | #import "CoreServices/LSApplicationProxy.h"

/Users/jason/Documents/BQTools/bad_query/CoreServices/LSResourceProxy.h:29:76: warning: type of property '_boundResourcesDirectoryURL' does not match type of accessor '_setBoundResourcesDirectoryURL:'
 27 | @property (setter=_setBoundIconIsPrerendered:, nonatomic) bool _boundIconIsPrerendered;
 28 | @property (setter=_setBoundIconsDictionary:, nonatomic, copy) _LSLazyPropertyList *_boundIconsDictionary;
 29 | @property (setter=_setBoundResourcesDirectoryURL:, nonatomic, copy) NSURL *_boundResourcesDirectoryURL;
    |                                                                            `- warning: type of property '_boundResourcesDirectoryURL' does not match type of accessor '_setBoundResourcesDirectoryURL:'
 30 | @property (setter=_setPrivateDocumentIconAllowOverride:, nonatomic) bool _privateDocumentIconAllowOverride;
 31 | @property (setter=_setPrivateDocumentIconNames:, nonatomic, copy) NSArray *_privateDocumentIconNames;
    :
 64 | - (void)_setBoundIconIsPrerendered:(bool)arg1;
 65 | - (void)_setBoundIconsDictionary:(id)arg1;
 66 | - (void)_setBoundResourcesDirectoryURL:(id)arg1;
    | `- note: declared here
 67 | - (void)_setLocalizedName:(id)arg1;
 68 | - (void)_setPrivateDocumentIconAllowOverride:(bool)arg1;

/Users/jason/Documents/BQTools/bad_query/bad_query-Bridging-Header.h:96:9: note: in file included from /Users/jason/Documents/BQTools/bad_query/bad_query-Bridging-Header.h:96:
 94 | @class _LSLazyPropertyList, _LSBundleIDValidationToken, _LSApplicationState, _LSDiskUsage, LSBundleProxy, LSApplicationProxy, LSInstallProgressList;
 95 | #import "CoreServices/_LSQueryResult.h"
 96 | #import "CoreServices/LSResourceProxy.h"
    |         `- note: in file included from /Users/jason/Documents/BQTools/bad_query/bad_query-Bridging-Header.h:96:
 97 | #import "CoreServices/LSBundleProxy.h"
 98 | #import "CoreServices/LSApplicationProxy.h"

/Users/jason/Documents/BQTools/bad_query/CoreServices/LSResourceProxy.h:31:76: warning: type of property '_privateDocumentIconNames' does not match type of accessor '_setPrivateDocumentIconNames:'
 29 | @property (setter=_setBoundResourcesDirectoryURL:, nonatomic, copy) NSURL *_boundResourcesDirectoryURL;
 30 | @property (setter=_setPrivateDocumentIconAllowOverride:, nonatomic) bool _privateDocumentIconAllowOverride;
 31 | @property (setter=_setPrivateDocumentIconNames:, nonatomic, copy) NSArray *_privateDocumentIconNames;
    |                                                                            `- warning: type of property '_privateDocumentIconNames' does not match type of accessor '_setPrivateDocumentIconNames:'
 32 | @property (setter=_setPrivateDocumentTypeIconOwner:, nonatomic, copy) LSBundleProxy *_privateDocumentTypeIconOwner;
 33 | @property (setter=_setTypeIconOwner:, nonatomic, copy) LSBundleProxy *_typeIconOwner;
    :
 67 | - (void)_setLocalizedName:(id)arg1;
 68 | - (void)_setPrivateDocumentIconAllowOverride:(bool)arg1;
 69 | - (void)_setPrivateDocumentIconNames:(id)arg1;
    | `- note: declared here
 70 | - (void)_setPrivateDocumentTypeIconOwner:(id)arg1;
 71 | - (void)_setTypeIconOwner:(id)arg1;

/Users/jason/Documents/BQTools/bad_query/bad_query-Bridging-Header.h:96:9: note: in file included from /Users/jason/Documents/BQTools/bad_query/bad_query-Bridging-Header.h:96:
 94 | @class _LSLazyPropertyList, _LSBundleIDValidationToken, _LSApplicationState, _LSDiskUsage, LSBundleProxy, LSApplicationProxy, LSInstallProgressList;
 95 | #import "CoreServices/_LSQueryResult.h"
 96 | #import "CoreServices/LSResourceProxy.h"
    |         `- note: in file included from /Users/jason/Documents/BQTools/bad_query/bad_query-Bridging-Header.h:96:
 97 | #import "CoreServices/LSBundleProxy.h"
 98 | #import "CoreServices/LSApplicationProxy.h"

/Users/jason/Documents/BQTools/bad_query/CoreServices/LSResourceProxy.h:32:86: warning: type of property '_privateDocumentTypeIconOwner' does not match type of accessor '_setPrivateDocumentTypeIconOwner:'
 30 | @property (setter=_setPrivateDocumentIconAllowOverride:, nonatomic) bool _privateDocumentIconAllowOverride;
 31 | @property (setter=_setPrivateDocumentIconNames:, nonatomic, copy) NSArray *_privateDocumentIconNames;
 32 | @property (setter=_setPrivateDocumentTypeIconOwner:, nonatomic, copy) LSBundleProxy *_privateDocumentTypeIconOwner;
    |                                                                                      `- warning: type of property '_privateDocumentTypeIconOwner' does not match type of accessor '_setPrivateDocumentTypeIconOwner:'
 33 | @property (setter=_setTypeIconOwner:, nonatomic, copy) LSBundleProxy *_typeIconOwner;
 34 | @property (setter=_setBoundIconIsBadge:, nonatomic) bool boundIconIsBadge;
    :
 68 | - (void)_setPrivateDocumentIconAllowOverride:(bool)arg1;
 69 | - (void)_setPrivateDocumentIconNames:(id)arg1;
 70 | - (void)_setPrivateDocumentTypeIconOwner:(id)arg1;
    | `- note: declared here
 71 | - (void)_setTypeIconOwner:(id)arg1;
 72 | - (id)_typeIconOwner;

/Users/jason/Documents/BQTools/bad_query/bad_query-Bridging-Header.h:96:9: note: in file included from /Users/jason/Documents/BQTools/bad_query/bad_query-Bridging-Header.h:96:
 94 | @class _LSLazyPropertyList, _LSBundleIDValidationToken, _LSApplicationState, _LSDiskUsage, LSBundleProxy, LSApplicationProxy, LSInstallProgressList;
 95 | #import "CoreServices/_LSQueryResult.h"
 96 | #import "CoreServices/LSResourceProxy.h"
    |         `- note: in file included from /Users/jason/Documents/BQTools/bad_query/bad_query-Bridging-Header.h:96:
 97 | #import "CoreServices/LSBundleProxy.h"
 98 | #import "CoreServices/LSApplicationProxy.h"

/Users/jason/Documents/BQTools/bad_query/CoreServices/LSResourceProxy.h:33:71: warning: type of property '_typeIconOwner' does not match type of accessor '_setTypeIconOwner:'
 31 | @property (setter=_setPrivateDocumentIconNames:, nonatomic, copy) NSArray *_privateDocumentIconNames;
 32 | @property (setter=_setPrivateDocumentTypeIconOwner:, nonatomic, copy) LSBundleProxy *_privateDocumentTypeIconOwner;
 33 | @property (setter=_setTypeIconOwner:, nonatomic, copy) LSBundleProxy *_typeIconOwner;
    |                                                                       `- warning: type of property '_typeIconOwner' does not match type of accessor '_setTypeIconOwner:'
 34 | @property (setter=_setBoundIconIsBadge:, nonatomic) bool boundIconIsBadge;
 35 | @property (nonatomic, readonly) NSDictionary *iconsDictionary;
    :
 69 | - (void)_setPrivateDocumentIconNames:(id)arg1;
 70 | - (void)_setPrivateDocumentTypeIconOwner:(id)arg1;
 71 | - (void)_setTypeIconOwner:(id)arg1;
    | `- note: declared here
 72 | - (id)_typeIconOwner;
 73 | - (bool)boundIconIsBadge;

/Users/jason/Documents/BQTools/bad_query/bad_query-Bridging-Header.h:96:9: note: in file included from /Users/jason/Documents/BQTools/bad_query/bad_query-Bridging-Header.h:96:
 94 | @class _LSLazyPropertyList, _LSBundleIDValidationToken, _LSApplicationState, _LSDiskUsage, LSBundleProxy, LSApplicationProxy, LSInstallProgressList;
 95 | #import "CoreServices/_LSQueryResult.h"
 96 | #import "CoreServices/LSResourceProxy.h"
    |         `- note: in file included from /Users/jason/Documents/BQTools/bad_query/bad_query-Bridging-Header.h:96:
 97 | #import "CoreServices/LSBundleProxy.h"
 98 | #import "CoreServices/LSApplicationProxy.h"

/Users/jason/Documents/BQTools/bad_query/CoreServices/LSResourceProxy.h:36:66: warning: type of property 'localizedName' does not match type of accessor '_setLocalizedName:'
 34 | @property (setter=_setBoundIconIsBadge:, nonatomic) bool boundIconIsBadge;
 35 | @property (nonatomic, readonly) NSDictionary *iconsDictionary;
 36 | @property (setter=_setLocalizedName:, nonatomic, copy) NSString *localizedName;
    |                                                                  `- warning: type of property 'localizedName' does not match type of accessor '_setLocalizedName:'
 37 | @property (nonatomic, readonly) NSString *primaryIconName;
 38 | @property (nonatomic) unsigned long long propertyListCachingStrategy;
    :
 65 | - (void)_setBoundIconsDictionary:(id)arg1;
 66 | - (void)_setBoundResourcesDirectoryURL:(id)arg1;
 67 | - (void)_setLocalizedName:(id)arg1;
    | `- note: declared here
 68 | - (void)_setPrivateDocumentIconAllowOverride:(bool)arg1;
 69 | - (void)_setPrivateDocumentIconNames:(id)arg1;

/Users/jason/Documents/BQTools/bad_query/bad_query-Bridging-Header.h:97:9: note: in file included from /Users/jason/Documents/BQTools/bad_query/bad_query-Bridging-Header.h:97:
 95 | #import "CoreServices/_LSQueryResult.h"
 96 | #import "CoreServices/LSResourceProxy.h"
 97 | #import "CoreServices/LSBundleProxy.h"
    |         `- note: in file included from /Users/jason/Documents/BQTools/bad_query/bad_query-Bridging-Header.h:97:
 98 | #import "CoreServices/LSApplicationProxy.h"
 99 | #import "CoreServices/LSInstallProgressList.h"

/Users/jason/Documents/BQTools/bad_query/CoreServices/LSBundleProxy.h:84:62: warning: declaration of 'struct LSContext' will not be visible outside of this function
 82 | - (id)_groupContainers;
 83 | - (id)_infoDictionary;
 84 | - (id)_initWithBundleUnit:(unsigned int)arg1 context:(struct LSContext { struct LSDatabase {} *x1; }*)arg2 bundleType:(unsigned long long)arg3 bundleID:(id)arg4 localizedName:(id)arg5 bundleContainerURL:(id)arg6 dataContainerURL:(id)arg7 resourcesDirectoryURL:(id)arg8 iconsDictionary:(id)arg9 iconFileNames:(id)arg10 version:(id)arg11;
    |                                                              `- warning: declaration of 'struct LSContext' will not be visible outside of this function
 85 | - (void)_setCompatibilityState:(unsigned long long)arg1;
 86 | - (void)_setEntitlements:(id)arg1;

/Users/jason/Documents/BQTools/bad_query/bad_query-Bridging-Header.h:97:9: note: in file included from /Users/jason/Documents/BQTools/bad_query/bad_query-Bridging-Header.h:97:
 95 | #import "CoreServices/_LSQueryResult.h"
 96 | #import "CoreServices/LSResourceProxy.h"
 97 | #import "CoreServices/LSBundleProxy.h"
    |         `- note: in file included from /Users/jason/Documents/BQTools/bad_query/bad_query-Bridging-Header.h:97:
 98 | #import "CoreServices/LSApplicationProxy.h"
 99 | #import "CoreServices/LSInstallProgressList.h"

/Users/jason/Documents/BQTools/bad_query/CoreServices/LSBundleProxy.h:84:81: warning: declaration of 'struct LSDatabase' will not be visible outside of this function
 82 | - (id)_groupContainers;
 83 | - (id)_infoDictionary;
 84 | - (id)_initWithBundleUnit:(unsigned int)arg1 context:(struct LSContext { struct LSDatabase {} *x1; }*)arg2 bundleType:(unsigned long long)arg3 bundleID:(id)arg4 localizedName:(id)arg5 bundleContainerURL:(id)arg6 dataContainerURL:(id)arg7 resourcesDirectoryURL:(id)arg8 iconsDictionary:(id)arg9 iconFileNames:(id)arg10 version:(id)arg11;
    |                                                                                 `- warning: declaration of 'struct LSDatabase' will not be visible outside of this function
 85 | - (void)_setCompatibilityState:(unsigned long long)arg1;
 86 | - (void)_setEntitlements:(id)arg1;

/Users/jason/Documents/BQTools/bad_query/bad_query-Bridging-Header.h:97:9: note: in file included from /Users/jason/Documents/BQTools/bad_query/bad_query-Bridging-Header.h:97:
 95 | #import "CoreServices/_LSQueryResult.h"
 96 | #import "CoreServices/LSResourceProxy.h"
 97 | #import "CoreServices/LSBundleProxy.h"
    |         `- note: in file included from /Users/jason/Documents/BQTools/bad_query/bad_query-Bridging-Header.h:97:
 98 | #import "CoreServices/LSApplicationProxy.h"
 99 | #import "CoreServices/LSInstallProgressList.h"

/Users/jason/Documents/BQTools/bad_query/CoreServices/LSBundleProxy.h:33:76: warning: type of property '_entitlements' does not match type of accessor '_setEntitlements:'
 31 | 
 32 | @property (nonatomic, readonly) bool UPPValidated;
 33 | @property (setter=_setEntitlements:, nonatomic, copy) _LSLazyPropertyList *_entitlements;
    |                                                                            `- warning: type of property '_entitlements' does not match type of accessor '_setEntitlements:'
 34 | @property (setter=_setEnvironmentVariables:, nonatomic, copy) _LSLazyPropertyList *_environmentVariables;
 35 | @property (setter=_setGroupContainers:, nonatomic, copy) _LSLazyPropertyList *_groupContainers;
    :
 84 | - (id)_initWithBundleUnit:(unsigned int)arg1 context:(struct LSContext { struct LSDatabase {} *x1; }*)arg2 bundleType:(unsigned long long)arg3 bundleID:(id)arg4 localizedName:(id)arg5 bundleContainerURL:(id)arg6 dataContainerURL:(id)arg7 resourcesDirectoryURL:(id)arg8 iconsDictionary:(id)arg9 iconFileNames:(id)arg10 version:(id)arg11;
 85 | - (void)_setCompatibilityState:(unsigned long long)arg1;
 86 | - (void)_setEntitlements:(id)arg1;
    | `- note: declared here
 87 | - (void)_setEnvironmentVariables:(id)arg1;
 88 | - (void)_setGroupContainers:(id)arg1;

/Users/jason/Documents/BQTools/bad_query/bad_query-Bridging-Header.h:97:9: note: in file included from /Users/jason/Documents/BQTools/bad_query/bad_query-Bridging-Header.h:97:
 95 | #import "CoreServices/_LSQueryResult.h"
 96 | #import "CoreServices/LSResourceProxy.h"
 97 | #import "CoreServices/LSBundleProxy.h"
    |         `- note: in file included from /Users/jason/Documents/BQTools/bad_query/bad_query-Bridging-Header.h:97:
 98 | #import "CoreServices/LSApplicationProxy.h"
 99 | #import "CoreServices/LSInstallProgressList.h"

/Users/jason/Documents/BQTools/bad_query/CoreServices/LSBundleProxy.h:34:84: warning: type of property '_environmentVariables' does not match type of accessor '_setEnvironmentVariables:'
 32 | @property (nonatomic, readonly) bool UPPValidated;
 33 | @property (setter=_setEntitlements:, nonatomic, copy) _LSLazyPropertyList *_entitlements;
 34 | @property (setter=_setEnvironmentVariables:, nonatomic, copy) _LSLazyPropertyList *_environmentVariables;
    |                                                                                    `- warning: type of property '_environmentVariables' does not match type of accessor '_setEnvironmentVariables:'
 35 | @property (setter=_setGroupContainers:, nonatomic, copy) _LSLazyPropertyList *_groupContainers;
 36 | @property (readonly) LSApplicationProxy *_inf_containingAppProxy;
    :
 85 | - (void)_setCompatibilityState:(unsigned long long)arg1;
 86 | - (void)_setEntitlements:(id)arg1;
 87 | - (void)_setEnvironmentVariables:(id)arg1;
    | `- note: declared here
 88 | - (void)_setGroupContainers:(id)arg1;
 89 | - (void)_setInfoDictionary:(id)arg1;

/Users/jason/Documents/BQTools/bad_query/bad_query-Bridging-Header.h:97:9: note: in file included from /Users/jason/Documents/BQTools/bad_query/bad_query-Bridging-Header.h:97:
 95 | #import "CoreServices/_LSQueryResult.h"
 96 | #import "CoreServices/LSResourceProxy.h"
 97 | #import "CoreServices/LSBundleProxy.h"
    |         `- note: in file included from /Users/jason/Documents/BQTools/bad_query/bad_query-Bridging-Header.h:97:
 98 | #import "CoreServices/LSApplicationProxy.h"
 99 | #import "CoreServices/LSInstallProgressList.h"

/Users/jason/Documents/BQTools/bad_query/CoreServices/LSBundleProxy.h:35:79: warning: type of property '_groupContainers' does not match type of accessor '_setGroupContainers:'
 33 | @property (setter=_setEntitlements:, nonatomic, copy) _LSLazyPropertyList *_entitlements;
 34 | @property (setter=_setEnvironmentVariables:, nonatomic, copy) _LSLazyPropertyList *_environmentVariables;
 35 | @property (setter=_setGroupContainers:, nonatomic, copy) _LSLazyPropertyList *_groupContainers;
    |                                                                               `- warning: type of property '_groupContainers' does not match type of accessor '_setGroupContainers:'
 36 | @property (readonly) LSApplicationProxy *_inf_containingAppProxy;
 37 | @property (readonly) bool _inf_isSystem;
    :
 86 | - (void)_setEntitlements:(id)arg1;
 87 | - (void)_setEnvironmentVariables:(id)arg1;
 88 | - (void)_setGroupContainers:(id)arg1;
    | `- note: declared here
 89 | - (void)_setInfoDictionary:(id)arg1;
 90 | - (void)_setValidationToken:(id)arg1;

/Users/jason/Documents/BQTools/bad_query/bad_query-Bridging-Header.h:97:9: note: in file included from /Users/jason/Documents/BQTools/bad_query/bad_query-Bridging-Header.h:97:
 95 | #import "CoreServices/_LSQueryResult.h"
 96 | #import "CoreServices/LSResourceProxy.h"
 97 | #import "CoreServices/LSBundleProxy.h"
    |         `- note: in file included from /Users/jason/Documents/BQTools/bad_query/bad_query-Bridging-Header.h:97:
 98 | #import "CoreServices/LSApplicationProxy.h"
 99 | #import "CoreServices/LSInstallProgressList.h"

/Users/jason/Documents/BQTools/bad_query/CoreServices/LSBundleProxy.h:39:78: warning: type of property '_infoDictionary' does not match type of accessor '_setInfoDictionary:'
 37 | @property (readonly) bool _inf_isSystem;
 38 | @property (readonly) bool _inf_isWatchKitAppExtension;
 39 | @property (setter=_setInfoDictionary:, nonatomic, copy) _LSLazyPropertyList *_infoDictionary;
    |                                                                              `- warning: type of property '_infoDictionary' does not match type of accessor '_setInfoDictionary:'
 40 | @property (setter=_setValidationToken:, nonatomic, retain) _LSBundleIDValidationToken *_validationToken;
 41 | @property (nonatomic, readonly) NSURL *appStoreReceiptURL;
    :
 87 | - (void)_setEnvironmentVariables:(id)arg1;
 88 | - (void)_setGroupContainers:(id)arg1;
 89 | - (void)_setInfoDictionary:(id)arg1;
    | `- note: declared here
 90 | - (void)_setValidationToken:(id)arg1;
 91 | - (id)_validationToken;

/Users/jason/Documents/BQTools/bad_query/bad_query-Bridging-Header.h:97:9: note: in file included from /Users/jason/Documents/BQTools/bad_query/bad_query-Bridging-Header.h:97:
 95 | #import "CoreServices/_LSQueryResult.h"
 96 | #import "CoreServices/LSResourceProxy.h"
 97 | #import "CoreServices/LSBundleProxy.h"
    |         `- note: in file included from /Users/jason/Documents/BQTools/bad_query/bad_query-Bridging-Header.h:97:
 98 | #import "CoreServices/LSApplicationProxy.h"
 99 | #import "CoreServices/LSInstallProgressList.h"

/Users/jason/Documents/BQTools/bad_query/CoreServices/LSBundleProxy.h:40:88: warning: type of property '_validationToken' does not match type of accessor '_setValidationToken:'
 38 | @property (readonly) bool _inf_isWatchKitAppExtension;
 39 | @property (setter=_setInfoDictionary:, nonatomic, copy) _LSLazyPropertyList *_infoDictionary;
 40 | @property (setter=_setValidationToken:, nonatomic, retain) _LSBundleIDValidationToken *_validationToken;
    |                                                                                        `- warning: type of property '_validationToken' does not match type of accessor '_setValidationToken:'
 41 | @property (nonatomic, readonly) NSURL *appStoreReceiptURL;
 42 | @property (nonatomic, readonly) NSURL *bundleContainerURL;
    :
 88 | - (void)_setGroupContainers:(id)arg1;
 89 | - (void)_setInfoDictionary:(id)arg1;
 90 | - (void)_setValidationToken:(id)arg1;
    | `- note: declared here
 91 | - (id)_validationToken;
 92 | - (id)_valueForEqualityTesting;

/Users/jason/Documents/BQTools/bad_query/bad_query-Bridging-Header.h:97:9: note: in file included from /Users/jason/Documents/BQTools/bad_query/bad_query-Bridging-Header.h:97:
 95 | #import "CoreServices/_LSQueryResult.h"
 96 | #import "CoreServices/LSResourceProxy.h"
 97 | #import "CoreServices/LSBundleProxy.h"
    |         `- note: in file included from /Users/jason/Documents/BQTools/bad_query/bad_query-Bridging-Header.h:97:
 98 | #import "CoreServices/LSApplicationProxy.h"
 99 | #import "CoreServices/LSInstallProgressList.h"

/Users/jason/Documents/BQTools/bad_query/CoreServices/LSBundleProxy.h:59:38: warning: type of property 'machOUUIDs' does not match type of accessor 'setMachOUUIDs:'
 57 | @property (nonatomic, readonly) NSDictionary *groupContainerURLs;
 58 | @property (nonatomic, readonly) NSString *localizedShortName;
 59 | @property (nonatomic, copy) NSArray *machOUUIDs;
    |                                      `- warning: type of property 'machOUUIDs' does not match type of accessor 'setMachOUUIDs:'
 60 | @property (nonatomic, readonly) bool profileValidated;
 61 | @property (setter=setSDKVersion:, nonatomic, copy) NSString *sdkVersion;
    :
128 | - (id)sdkVersion;
129 | - (unsigned long long)sequenceNumber;
130 | - (void)setMachOUUIDs:(id)arg1;
    | `- note: declared here
131 | - (void)setSDKVersion:(id)arg1;
132 | - (id)signerIdentity;

/Users/jason/Documents/BQTools/bad_query/bad_query-Bridging-Header.h:97:9: note: in file included from /Users/jason/Documents/BQTools/bad_query/bad_query-Bridging-Header.h:97:
 95 | #import "CoreServices/_LSQueryResult.h"
 96 | #import "CoreServices/LSResourceProxy.h"
 97 | #import "CoreServices/LSBundleProxy.h"
    |         `- note: in file included from /Users/jason/Documents/BQTools/bad_query/bad_query-Bridging-Header.h:97:
 98 | #import "CoreServices/LSApplicationProxy.h"
 99 | #import "CoreServices/LSInstallProgressList.h"

/Users/jason/Documents/BQTools/bad_query/CoreServices/LSBundleProxy.h:61:62: warning: type of property 'sdkVersion' does not match type of accessor 'setSDKVersion:'
 59 | @property (nonatomic, copy) NSArray *machOUUIDs;
 60 | @property (nonatomic, readonly) bool profileValidated;
 61 | @property (setter=setSDKVersion:, nonatomic, copy) NSString *sdkVersion;
    |                                                              `- warning: type of property 'sdkVersion' does not match type of accessor 'setSDKVersion:'
 62 | @property (nonatomic, readonly) unsigned long long sequenceNumber;
 63 | @property (nonatomic, readonly) NSString *signerIdentity;
    :
129 | - (unsigned long long)sequenceNumber;
130 | - (void)setMachOUUIDs:(id)arg1;
131 | - (void)setSDKVersion:(id)arg1;
    | `- note: declared here
132 | - (id)signerIdentity;
133 | - (id)signerOrganization;

/Users/jason/Documents/BQTools/bad_query/bad_query-Bridging-Header.h:98:9: note: in file included from /Users/jason/Documents/BQTools/bad_query/bad_query-Bridging-Header.h:98:
 96 | #import "CoreServices/LSResourceProxy.h"
 97 | #import "CoreServices/LSBundleProxy.h"
 98 | #import "CoreServices/LSApplicationProxy.h"
    |         `- note: in file included from /Users/jason/Documents/BQTools/bad_query/bad_query-Bridging-Header.h:98:
 99 | #import "CoreServices/LSInstallProgressList.h"
100 | #import "CoreServices/LSApplicationWorkspace.h"

/Users/jason/Documents/BQTools/bad_query/CoreServices/LSApplicationProxy.h:150:66: warning: declaration of 'struct LSContext' will not be visible outside of this function
148 | + (id)applicationProxyForIdentifier:(id)arg1;
149 | + (id)applicationProxyForIdentifier:(id)arg1 placeholder:(bool)arg2;
150 | + (id)applicationProxyForIdentifier:(id)arg1 withContext:(struct LSContext { struct LSDatabase {} *x1; }*)arg2;
    |                                                                  `- warning: declaration of 'struct LSContext' will not be visible outside of this function
151 | + (id)applicationProxyForItemID:(id)arg1;
152 | + (id)applicationProxyForSystemPlaceholder:(id)arg1;

/Users/jason/Documents/BQTools/bad_query/bad_query-Bridging-Header.h:98:9: note: in file included from /Users/jason/Documents/BQTools/bad_query/bad_query-Bridging-Header.h:98:
 96 | #import "CoreServices/LSResourceProxy.h"
 97 | #import "CoreServices/LSBundleProxy.h"
 98 | #import "CoreServices/LSApplicationProxy.h"
    |         `- note: in file included from /Users/jason/Documents/BQTools/bad_query/bad_query-Bridging-Header.h:98:
 99 | #import "CoreServices/LSInstallProgressList.h"
100 | #import "CoreServices/LSApplicationWorkspace.h"

/Users/jason/Documents/BQTools/bad_query/CoreServices/LSApplicationProxy.h:150:85: warning: declaration of 'struct LSDatabase' will not be visible outside of this function
148 | + (id)applicationProxyForIdentifier:(id)arg1;
149 | + (id)applicationProxyForIdentifier:(id)arg1 placeholder:(bool)arg2;
150 | + (id)applicationProxyForIdentifier:(id)arg1 withContext:(struct LSContext { struct LSDatabase {} *x1; }*)arg2;
    |                                                                                     `- warning: declaration of 'struct LSDatabase' will not be visible outside of this function
151 | + (id)applicationProxyForItemID:(id)arg1;
152 | + (id)applicationProxyForSystemPlaceholder:(id)arg1;

/Users/jason/Documents/BQTools/bad_query/bad_query-Bridging-Header.h:98:9: note: in file included from /Users/jason/Documents/BQTools/bad_query/bad_query-Bridging-Header.h:98:
 96 | #import "CoreServices/LSResourceProxy.h"
 97 | #import "CoreServices/LSBundleProxy.h"
 98 | #import "CoreServices/LSApplicationProxy.h"
    |         `- note: in file included from /Users/jason/Documents/BQTools/bad_query/bad_query-Bridging-Header.h:98:
 99 | #import "CoreServices/LSInstallProgressList.h"
100 | #import "CoreServices/LSApplicationWorkspace.h"

/Users/jason/Documents/BQTools/bad_query/CoreServices/LSApplicationProxy.h:153:79: warning: declaration of 'struct LSContext' will not be visible outside of this function
151 | + (id)applicationProxyForItemID:(id)arg1;
152 | + (id)applicationProxyForSystemPlaceholder:(id)arg1;
153 | + (id)applicationProxyWithBundleUnitID:(unsigned int)arg1 withContext:(struct LSContext { struct LSDatabase {} *x1; }*)arg2;
    |                                                                               `- warning: declaration of 'struct LSContext' will not be visible outside of this function
154 | + (id)iconQueue;
155 | + (bool)supportsSecureCoding;

/Users/jason/Documents/BQTools/bad_query/bad_query-Bridging-Header.h:98:9: note: in file included from /Users/jason/Documents/BQTools/bad_query/bad_query-Bridging-Header.h:98:
 96 | #import "CoreServices/LSResourceProxy.h"
 97 | #import "CoreServices/LSBundleProxy.h"
 98 | #import "CoreServices/LSApplicationProxy.h"
    |         `- note: in file included from /Users/jason/Documents/BQTools/bad_query/bad_query-Bridging-Header.h:98:
 99 | #import "CoreServices/LSInstallProgressList.h"
100 | #import "CoreServices/LSApplicationWorkspace.h"

/Users/jason/Documents/BQTools/bad_query/CoreServices/LSApplicationProxy.h:153:98: warning: declaration of 'struct LSDatabase' will not be visible outside of this function
151 | + (id)applicationProxyForItemID:(id)arg1;
152 | + (id)applicationProxyForSystemPlaceholder:(id)arg1;
153 | + (id)applicationProxyWithBundleUnitID:(unsigned int)arg1 withContext:(struct LSContext { struct LSDatabase {} *x1; }*)arg2;
    |                                                                                                  `- warning: declaration of 'struct LSDatabase' will not be visible outside of this function
154 | + (id)iconQueue;
155 | + (bool)supportsSecureCoding;

/Users/jason/Documents/BQTools/bad_query/bad_query-Bridging-Header.h:98:9: note: in file included from /Users/jason/Documents/BQTools/bad_query/bad_query-Bridging-Header.h:98:
 96 | #import "CoreServices/LSResourceProxy.h"
 97 | #import "CoreServices/LSBundleProxy.h"
 98 | #import "CoreServices/LSApplicationProxy.h"
    |         `- note: in file included from /Users/jason/Documents/BQTools/bad_query/bad_query-Bridging-Header.h:98:
 99 | #import "CoreServices/LSInstallProgressList.h"
100 | #import "CoreServices/LSApplicationWorkspace.h"

/Users/jason/Documents/BQTools/bad_query/CoreServices/LSApplicationProxy.h:161:62: warning: declaration of 'struct LSContext' will not be visible outside of this function
159 | - (bool)UPPValidated;
160 | - (id)VPNPlugins;
161 | - (id)_initWithBundleUnit:(unsigned int)arg1 context:(struct LSContext { struct LSDatabase {} *x1; }*)arg2 applicationIdentifier:(id)arg3;
    |                                                              `- warning: declaration of 'struct LSContext' will not be visible outside of this function
162 | - (id)activityTypes;
163 | - (id)alternateIconName;

/Users/jason/Documents/BQTools/bad_query/bad_query-Bridging-Header.h:98:9: note: in file included from /Users/jason/Documents/BQTools/bad_query/bad_query-Bridging-Header.h:98:
 96 | #import "CoreServices/LSResourceProxy.h"
 97 | #import "CoreServices/LSBundleProxy.h"
 98 | #import "CoreServices/LSApplicationProxy.h"
    |         `- note: in file included from /Users/jason/Documents/BQTools/bad_query/bad_query-Bridging-Header.h:98:
 99 | #import "CoreServices/LSInstallProgressList.h"
100 | #import "CoreServices/LSApplicationWorkspace.h"

56 warnings generated.
/Users/jason/Documents/BQTools/bad_query/CoreServices/LSApplicationProxy.h:161:81: warning: declaration of 'struct LSDatabase' will not be visible outside of this function
159 | - (bool)UPPValidated;
160 | - (id)VPNPlugins;
161 | - (id)_initWithBundleUnit:(unsigned int)arg1 context:(struct LSContext { struct LSDatabase {} *x1; }*)arg2 applicationIdentifier:(id)arg3;
    |                                                                                 `- warning: declaration of 'struct LSDatabase' will not be visible outside of this function
162 | - (id)activityTypes;
163 | - (id)alternateIconName;

SwiftDriverJobDiscovery normal arm64 Compiling bridging header (in target 'Jade' from project 'Jade')

SwiftCompile normal arm64 Compiling\ bad_queryApp.swift,\ BQAppListView.swift,\ BQDirectoryView.swift /Users/jason/Documents/BQTools/bad_query/bad_queryApp.swift /Users/jason/Documents/BQTools/bad_query/BQAppListView.swift /Users/jason/Documents/BQTools/bad_query/BQDirectoryView.swift (in target 'Jade' from project 'Jade')

SwiftCompile normal arm64 /Users/jason/Documents/BQTools/bad_query/bad_queryApp.swift (in target 'Jade' from project 'Jade')
    cd /Users/jason/Documents/BQTools
    builtin-SwiftPerFileCompile bad_queryApp.swift

SwiftCompile normal arm64 /Users/jason/Documents/BQTools/bad_query/BQAppListView.swift (in target 'Jade' from project 'Jade')
    cd /Users/jason/Documents/BQTools
    builtin-SwiftPerFileCompile BQAppListView.swift

SwiftCompile normal arm64 /Users/jason/Documents/BQTools/bad_query/BQDirectoryView.swift (in target 'Jade' from project 'Jade')
    cd /Users/jason/Documents/BQTools
    builtin-SwiftPerFileCompile BQDirectoryView.swift

/Users/jason/Documents/BQTools/bad_query/BQAppListView.swift:128:28: warning: main actor-isolated global function 'appNames(for:)' cannot be called from outside of the actor; this is an error in the Swift 6 language mode
126 |         requested.formUnion(pending)
127 |         Task.detached(priority: .utility) {
128 |             let resolved = appNames(for: pending)
    |                            `- warning: main actor-isolated global function 'appNames(for:)' cannot be called from outside of the actor; this is an error in the Swift 6 language mode
129 |             guard !resolved.isEmpty else { return }
130 |             await MainActor.run {

/Users/jason/Documents/BQTools/bad_query/BQAppListView.swift:219:65: warning: reference to captured var 'discovered' in concurrently-executing code; this is an error in the Swift 6 language mode [#SendableClosureCaptures]
217 |             if discovered.count < 5 {
218 |                 await MainActor.run {
219 |                     self.model.appendLog("MHA discovery found \(discovered.count) apps, falling back to inode scan")
    |                                                                 `- warning: reference to captured var 'discovered' in concurrently-executing code; this is an error in the Swift 6 language mode [#SendableClosureCaptures]
220 |                     // 重置 hasLoaded 让 inode scan 的结果不被阻止
221 |                     // model.load 内部会设置 isLoading 和 items

/Users/jason/Documents/BQTools/bad_query/BQAppListView.swift:265:36: warning: reference to captured var 'items' in concurrently-executing code; this is an error in the Swift 6 language mode [#SendableClosureCaptures]
263 | 
264 |             await MainActor.run {
265 |                 self.model.items = items.sorted { $0.name.localizedStandardCompare($1.name) == .orderedAscending }
    |                                    `- warning: reference to captured var 'items' in concurrently-executing code; this is an error in the Swift 6 language mode [#SendableClosureCaptures]
266 |                 self.model.statusMessage = "\(items.count) apps (MHA)"
267 |                 self.model.isLoading = false

/Users/jason/Documents/BQTools/bad_query/BQAppListView.swift:266:47: warning: reference to captured var 'items' in concurrently-executing code; this is an error in the Swift 6 language mode [#SendableClosureCaptures]
264 |             await MainActor.run {
265 |                 self.model.items = items.sorted { $0.name.localizedStandardCompare($1.name) == .orderedAscending }
266 |                 self.model.statusMessage = "\(items.count) apps (MHA)"
    |                                               `- warning: reference to captured var 'items' in concurrently-executing code; this is an error in the Swift 6 language mode [#SendableClosureCaptures]
267 |                 self.model.isLoading = false
268 |                 self.model.appendLog("MHA discovery complete: \(items.count) apps, \(resolvedNames.count) names resolved")

/Users/jason/Documents/BQTools/bad_query/BQAppListView.swift:268:65: warning: reference to captured var 'items' in concurrently-executing code; this is an error in the Swift 6 language mode [#SendableClosureCaptures]
266 |                 self.model.statusMessage = "\(items.count) apps (MHA)"
267 |                 self.model.isLoading = false
268 |                 self.model.appendLog("MHA discovery complete: \(items.count) apps, \(resolvedNames.count) names resolved")
    |                                                                 `- warning: reference to captured var 'items' in concurrently-executing code; this is an error in the Swift 6 language mode [#SendableClosureCaptures]
269 |                 // 预填充已解析的名称，名称与列表同时显示
270 |                 for (id, name) in resolvedNames {

/Users/jason/Documents/BQTools/bad_query/BQAppListView.swift:268:86: warning: reference to captured var 'resolvedNames' in concurrently-executing code; this is an error in the Swift 6 language mode [#SendableClosureCaptures]
266 |                 self.model.statusMessage = "\(items.count) apps (MHA)"
267 |                 self.model.isLoading = false
268 |                 self.model.appendLog("MHA discovery complete: \(items.count) apps, \(resolvedNames.count) names resolved")
    |                                                                                      `- warning: reference to captured var 'resolvedNames' in concurrently-executing code; this is an error in the Swift 6 language mode [#SendableClosureCaptures]
269 |                 // 预填充已解析的名称，名称与列表同时显示
270 |                 for (id, name) in resolvedNames {

/Users/jason/Documents/BQTools/bad_query/BQAppListView.swift:270:35: warning: reference to captured var 'resolvedNames' in concurrently-executing code; this is an error in the Swift 6 language mode [#SendableClosureCaptures]
268 |                 self.model.appendLog("MHA discovery complete: \(items.count) apps, \(resolvedNames.count) names resolved")
269 |                 // 预填充已解析的名称，名称与列表同时显示
270 |                 for (id, name) in resolvedNames {
    |                                   `- warning: reference to captured var 'resolvedNames' in concurrently-executing code; this is an error in the Swift 6 language mode [#SendableClosureCaptures]
271 |                     self.names[id] = name
272 |                 }

/Users/jason/Documents/BQTools/bad_query/BQAppListView.swift:230:33: warning: main actor-isolated global function 'appNames(for:)' cannot be called from outside of the actor; this is an error in the Swift 6 language mode
228 |             // 在后台线程同步解析，使名称与列表同时出现
229 |             let bundleIds = Array(discovered.keys)
230 |             var resolvedNames = appNames(for: bundleIds)
    |                                 `- warning: main actor-isolated global function 'appNames(for:)' cannot be called from outside of the actor; this is an error in the Swift 6 language mode
231 | 
232 |             // 回退：读 data container 的 MCM metadata plist 取 MCMMetadataDisplayName

[#SendableClosureCaptures]: <https://docs.swift.org/compiler/documentation/diagnostics/sendable-closure-captures>
SwiftEmitModule normal arm64 Emitting\ module\ for\ Jade (in target 'Jade' from project 'Jade')
/Users/jason/Documents/BQTools/bad_query/BQMobileGestalt.swift:379:24: warning: cannot use default expression for inference of 'T.Type' because it is inferrable from parameters #1, #2, #3; this will be an error in a future Swift language mode
377 |     func keyBinding<T: Equatable>(
378 |         _ keys: [String],
379 |         type: T.Type = Int.self,
    |                        `- warning: cannot use default expression for inference of 'T.Type' because it is inferrable from parameters #1, #2, #3; this will be an error in a future Swift language mode
380 |         defaultVal: T? = 0,
381 |         onVal: T? = 1

/Users/jason/Documents/BQTools/bad_query/BQMobileGestalt.swift:380:26: warning: cannot use default expression for inference of 'T?' because it is inferrable from parameters #1, #2, #3; this will be an error in a future Swift language mode
378 |         _ keys: [String],
379 |         type: T.Type = Int.self,
380 |         defaultVal: T? = 0,
    |                          `- warning: cannot use default expression for inference of 'T?' because it is inferrable from parameters #1, #2, #3; this will be an error in a future Swift language mode
381 |         onVal: T? = 1
382 |     ) -> Binding<Bool> {

/Users/jason/Documents/BQTools/bad_query/BQMobileGestalt.swift:381:21: warning: cannot use default expression for inference of 'T?' because it is inferrable from parameters #1, #2, #3; this will be an error in a future Swift language mode
379 |         type: T.Type = Int.self,
380 |         defaultVal: T? = 0,
381 |         onVal: T? = 1
    |                     `- warning: cannot use default expression for inference of 'T?' because it is inferrable from parameters #1, #2, #3; this will be an error in a future Swift language mode
382 |     ) -> Binding<Bool> {
383 |         Binding(get: { [weak self] in

SwiftCompile normal arm64 (in target 'Jade' from project 'Jade')
    cd /Users/jason/Documents/BQTools
    

SwiftCompile normal arm64 Compiling\ BQSandboxPoCView.swift,\ BQWallpaperAPI.swift /Users/jason/Documents/BQTools/bad_query/BQSandboxPoCView.swift /Users/jason/Documents/BQTools/bad_query/BQWallpaperAPI.swift (in target 'Jade' from project 'Jade')
/Users/jason/Documents/BQTools/bad_query/BQWallpaperAPI.swift:135:19: warning: no calls to throwing functions occur within 'try' expression [#UnnecessaryEffectMarker]
133 |     /// Returns the local URL of the downloaded file.
134 |     static func downloadTendies(_ wallpaper: BQWallpaper) async throws -> URL {
135 |         let url = try await downloadURL(for: wallpaper)
    |                   `- warning: no calls to throwing functions occur within 'try' expression [#UnnecessaryEffectMarker]
136 |         let (tempURL, response) = try await URLSession.shared.download(from: url)
137 |         guard let http = response as? HTTPURLResponse, http.statusCode == 200 else {

[#UnnecessaryEffectMarker]: <https://docs.swift.org/compiler/documentation/diagnostics/unnecessary-effect-marker>

SwiftCompile normal arm64 /Users/jason/Documents/BQTools/bad_query/BQSandboxPoCView.swift (in target 'Jade' from project 'Jade')
    cd /Users/jason/Documents/BQTools
    builtin-SwiftPerFileCompile BQSandboxPoCView.swift

SwiftCompile normal arm64 /Users/jason/Documents/BQTools/bad_query/BQWallpaperAPI.swift (in target 'Jade' from project 'Jade')
    cd /Users/jason/Documents/BQTools
    builtin-SwiftPerFileCompile BQWallpaperAPI.swift

SwiftCompile normal arm64 Compiling\ BQFileSystem.swift,\ BQMobileGestalt.swift,\ BQMobileGestaltView.swift /Users/jason/Documents/BQTools/bad_query/BQFileSystem.swift /Users/jason/Documents/BQTools/bad_query/BQMobileGestalt.swift /Users/jason/Documents/BQTools/bad_query/BQMobileGestaltView.swift (in target 'Jade' from project 'Jade')

SwiftCompile normal arm64 /Users/jason/Documents/BQTools/bad_query/BQFileSystem.swift (in target 'Jade' from project 'Jade')
    cd /Users/jason/Documents/BQTools
    builtin-SwiftPerFileCompile BQFileSystem.swift

SwiftCompile normal arm64 /Users/jason/Documents/BQTools/bad_query/BQMobileGestalt.swift (in target 'Jade' from project 'Jade')
    cd /Users/jason/Documents/BQTools
    builtin-SwiftPerFileCompile BQMobileGestalt.swift

SwiftCompile normal arm64 /Users/jason/Documents/BQTools/bad_query/BQMobileGestaltView.swift (in target 'Jade' from project 'Jade')
    cd /Users/jason/Documents/BQTools
    builtin-SwiftPerFileCompile BQMobileGestaltView.swift

/Users/jason/Documents/BQTools/bad_query/BQFileSystem.swift:641:46: warning: main actor-isolated static property 'empty' can not be referenced from a nonisolated context
 29 | 
 30 |     /// Sentinel used to pre-allocate a buffer for concurrent stat fills.
 31 |     static let empty = FSItem(path: "", name: "", isDirectory: false,
    |                `- note: static property declared here
 32 |                               typeKnown: false, size: nil, modified: nil, subtitle: nil)
 33 | }
    :
639 |         guard count > 0 else { return [] }
640 |         if count > 64 {
641 |             var items = [FSItem](repeating: .empty, count: count)
    |                                              `- warning: main actor-isolated static property 'empty' can not be referenced from a nonisolated context
642 |             items.withUnsafeMutableBufferPointer { buffer in
643 |                 DispatchQueue.concurrentPerform(iterations: count) { i in

/Users/jason/Documents/BQTools/bad_query/BQFileSystem.swift:644:21: warning: capture of 'buffer' with non-Sendable type 'UnsafeMutableBufferPointer<FSItem>' in a '@Sendable' closure [#SendableClosureCaptures]
642 |             items.withUnsafeMutableBufferPointer { buffer in
643 |                 DispatchQueue.concurrentPerform(iterations: count) { i in
644 |                     buffer[i] = statItem(path: paths[i])
    |                     `- warning: capture of 'buffer' with non-Sendable type 'UnsafeMutableBufferPointer<FSItem>' in a '@Sendable' closure [#SendableClosureCaptures]
645 |                 }
646 |             }

Swift.UnsafeMutableBufferPointer:1:23: note: generic struct 'UnsafeMutableBufferPointer' does not conform to the 'Sendable' protocol
1 | @frozen public struct UnsafeMutableBufferPointer<Element> : Copyable where Element : ~Copyable {
  |                       `- note: generic struct 'UnsafeMutableBufferPointer' does not conform to the 'Sendable' protocol
2 |     public let count: Int
3 |     @inlinable public init(start: UnsafeMutablePointer<Element>?, count: Int)

/Users/jason/Documents/BQTools/bad_query/BQMobileGestalt.swift:379:24: warning: cannot use default expression for inference of 'T.Type' because it is inferrable from parameters #1, #2, #3; this will be an error in a future Swift language mode
377 |     func keyBinding<T: Equatable>(
378 |         _ keys: [String],
379 |         type: T.Type = Int.self,
    |                        `- warning: cannot use default expression for inference of 'T.Type' because it is inferrable from parameters #1, #2, #3; this will be an error in a future Swift language mode
380 |         defaultVal: T? = 0,
381 |         onVal: T? = 1

/Users/jason/Documents/BQTools/bad_query/BQMobileGestalt.swift:380:26: warning: cannot use default expression for inference of 'T?' because it is inferrable from parameters #1, #2, #3; this will be an error in a future Swift language mode
378 |         _ keys: [String],
379 |         type: T.Type = Int.self,
380 |         defaultVal: T? = 0,
    |                          `- warning: cannot use default expression for inference of 'T?' because it is inferrable from parameters #1, #2, #3; this will be an error in a future Swift language mode
381 |         onVal: T? = 1
382 |     ) -> Binding<Bool> {

/Users/jason/Documents/BQTools/bad_query/BQMobileGestalt.swift:381:21: warning: cannot use default expression for inference of 'T?' because it is inferrable from parameters #1, #2, #3; this will be an error in a future Swift language mode
379 |         type: T.Type = Int.self,
380 |         defaultVal: T? = 0,
381 |         onVal: T? = 1
    |                     `- warning: cannot use default expression for inference of 'T?' because it is inferrable from parameters #1, #2, #3; this will be an error in a future Swift language mode
382 |     ) -> Binding<Bool> {
383 |         Binding(get: { [weak self] in

[#SendableClosureCaptures]: <https://docs.swift.org/compiler/documentation/diagnostics/sendable-closure-captures>
SwiftCompile normal arm64 Compiling\ Respring.swift,\ GeneratedAssetSymbols.swift /Users/jason/Documents/BQTools/bad_query/Respring.swift /Users/jason/Documents/BQTools/build/DerivedData/Build/Intermediates.noindex/Jade.build/Debug-iphoneos/Jade.build/DerivedSources/GeneratedAssetSymbols.swift (in target 'Jade' from project 'Jade')

SwiftCompile normal arm64 /Users/jason/Documents/BQTools/bad_query/Respring.swift (in target 'Jade' from project 'Jade')
    cd /Users/jason/Documents/BQTools
    builtin-SwiftPerFileCompile Respring.swift

SwiftCompile normal arm64 /Users/jason/Documents/BQTools/build/DerivedData/Build/Intermediates.noindex/Jade.build/Debug-iphoneos/Jade.build/DerivedSources/GeneratedAssetSymbols.swift (in target 'Jade' from project 'Jade')
    cd /Users/jason/Documents/BQTools
    builtin-SwiftPerFileCompile GeneratedAssetSymbols.swift

SwiftCompile normal arm64 Compiling\ BQPoster.swift,\ BQPosterView.swift,\ BQRootView.swift /Users/jason/Documents/BQTools/bad_query/BQPoster.swift /Users/jason/Documents/BQTools/bad_query/BQPosterView.swift /Users/jason/Documents/BQTools/bad_query/BQRootView.swift (in target 'Jade' from project 'Jade')

SwiftCompile normal arm64 /Users/jason/Documents/BQTools/bad_query/BQPoster.swift (in target 'Jade' from project 'Jade')
    cd /Users/jason/Documents/BQTools
    builtin-SwiftPerFileCompile BQPoster.swift

SwiftCompile normal arm64 /Users/jason/Documents/BQTools/bad_query/BQPosterView.swift (in target 'Jade' from project 'Jade')
    cd /Users/jason/Documents/BQTools
    builtin-SwiftPerFileCompile BQPosterView.swift

SwiftCompile normal arm64 /Users/jason/Documents/BQTools/bad_query/BQRootView.swift (in target 'Jade' from project 'Jade')
    cd /Users/jason/Documents/BQTools
    builtin-SwiftPerFileCompile BQRootView.swift

/Users/jason/Documents/BQTools/bad_query/BQPosterView.swift:130:21: warning: initialization of immutable value 'count' was never used; consider replacing with assignment to '_' or removing it [#NoUsage]
128 |         Task { @MainActor in
129 |             do {
130 |                 let count = try await BQPoster.apply(at: posterFiles, model: model)
    |                     `- warning: initialization of immutable value 'count' was never used; consider replacing with assignment to '_' or removing it [#NoUsage]
131 |                 busy = false
132 |                 resultAlert = ResultAlert(

[#NoUsage]: <https://docs.swift.org/compiler/documentation/diagnostics/no-usage>
SwiftCompile normal arm64 Compiling\ BQWallpaperBrowserView.swift,\ id2name.swift /Users/jason/Documents/BQTools/bad_query/BQWallpaperBrowserView.swift /Users/jason/Documents/BQTools/bad_query/id2name.swift (in target 'Jade' from project 'Jade')
/Users/jason/Documents/BQTools/bad_query/BQWallpaperBrowserView.swift:245:30: warning: no calls to throwing functions occur within 'try' expression [#UnnecessaryEffectMarker]
243 |     private func loadPreview() async {
244 |         do {
245 |             let previewURL = try await BQWallpaperAPI.previewURL(for: wallpaper)
    |                              `- warning: no calls to throwing functions occur within 'try' expression [#UnnecessaryEffectMarker]
246 |             let (data, response) = try await URLSession.shared.data(from: previewURL)
247 |             guard let http = response as? HTTPURLResponse, http.statusCode == 200 else {

[#UnnecessaryEffectMarker]: <https://docs.swift.org/compiler/documentation/diagnostics/unnecessary-effect-marker>

SwiftCompile normal arm64 /Users/jason/Documents/BQTools/bad_query/BQWallpaperBrowserView.swift (in target 'Jade' from project 'Jade')
    cd /Users/jason/Documents/BQTools
    builtin-SwiftPerFileCompile BQWallpaperBrowserView.swift

SwiftCompile normal arm64 /Users/jason/Documents/BQTools/bad_query/id2name.swift (in target 'Jade' from project 'Jade')
    cd /Users/jason/Documents/BQTools
    builtin-SwiftPerFileCompile id2name.swift

SwiftDriverJobDiscovery normal arm64 Emitting module for Jade (in target 'Jade' from project 'Jade')

SwiftDriver\ Compilation\ Requirements Jade normal arm64 com.apple.xcode.tools.swift.compiler (in target 'Jade' from project 'Jade')
    cd /Users/jason/Documents/BQTools
    builtin-Swift-Compilation-Requirements -- /Applications/Xcode-beta.app/Contents/Developer/Toolchains/XcodeDefault.xctoolchain/usr/bin/swiftc -module-name Jade -Onone @/Users/jason/Documents/BQTools/build/DerivedData/Build/Intermediates.noindex/Jade.build/Debug-iphoneos/Jade.build/Objects-normal/arm64/Jade.SwiftFileList -DDEBUG -default-isolation\=MainActor -enable-bare-slash-regex -enable-upcoming-feature DisableOutwardActorInference -enable-upcoming-feature InferSendableFromCaptures -enable-upcoming-feature GlobalActorIsolatedTypesUsability -enable-upcoming-feature MemberImportVisibility -enable-upcoming-feature InferIsolatedConformances -enable-upcoming-feature NonisolatedNonsendingByDefault -enable-experimental-feature DebugDescriptionMacro -sdk /Applications/Xcode-beta.app/Contents/Developer/Platforms/iPhoneOS.platform/Developer/SDKs/iPhoneOS27.0.sdk -target arm64-apple-ios26.0 -g -module-cache-path /Users/jason/Documents/BQTools/build/DerivedData/ModuleCache.noindex -Xfrontend -serialize-debugging-options -enable-testing -index-store-path /Users/jason/Documents/BQTools/build/DerivedData/Index.noindex/DataStore -Xcc -D_LIBCPP_HARDENING_MODE\=_LIBCPP_HARDENING_MODE_DEBUG -swift-version 5 -I /Users/jason/Documents/BQTools/build/DerivedData/Build/Products/Debug-iphoneos -F /Users/jason/Documents/BQTools/build/DerivedData/Build/Products/Debug-iphoneos -F /Users/jason/Documents/BQTools/bad_query -emit-localized-strings -emit-localized-strings-path /Users/jason/Documents/BQTools/build/DerivedData/Build/Intermediates.noindex/Jade.build/Debug-iphoneos/Jade.build/Objects-normal/arm64 -c -j6 -enable-batch-mode -incremental -Xcc -ivfsstatcache -Xcc /Users/jason/Documents/BQTools/build/DerivedData/SDKStatCaches.noindex/iphoneos27.0-24A5380g-ab8728d0c5b464cc751fe8b4b02b9db3.sdkstatcache -output-file-map /Users/jason/Documents/BQTools/build/DerivedData/Build/Intermediates.noindex/Jade.build/Debug-iphoneos/Jade.build/Objects-normal/arm64/Jade-OutputFileMap.json -save-temps -no-color-diagnostics -explicit-module-build -module-cache-path /Users/jason/Documents/BQTools/build/DerivedData/Build/Intermediates.noindex/SwiftExplicitPrecompiledModules -clang-scanner-module-cache-path /Users/jason/Documents/BQTools/build/DerivedData/ModuleCache.noindex -sdk-module-cache-path /Users/jason/Documents/BQTools/build/DerivedData/SDKExplicitPrecompiledModules -emit-dependencies -emit-module -emit-module-path /Users/jason/Documents/BQTools/build/DerivedData/Build/Intermediates.noindex/Jade.build/Debug-iphoneos/Jade.build/Objects-normal/arm64/Jade.swiftmodule -serialize-diagnostics -dependency-scan-serialize-diagnostics-path /Users/jason/Documents/BQTools/build/DerivedData/Build/Intermediates.noindex/Jade.build/Debug-iphoneos/Jade.build/Objects-normal/arm64/Jade-dependency-scan.dia -validate-clang-modules-once -clang-build-session-file /Users/jason/Documents/BQTools/build/DerivedData/ModuleCache.noindex/Session.modulevalidation -Xcc -fmodules-prune-interval\=86400 -Xcc -fmodules-prune-after\=345600 -emit-const-values -const-gather-protocols-list /Users/jason/Documents/BQTools/build/DerivedData/Build/Intermediates.noindex/Jade.build/Debug-iphoneos/Jade.build/Objects-normal/arm64/Jade_const_extract_protocols.json -Xcc -iquote -Xcc /Users/jason/Documents/BQTools/build/DerivedData/Build/Intermediates.noindex/Jade.build/Debug-iphoneos/Jade.build/Jade-generated-files.hmap -Xcc -I/Users/jason/Documents/BQTools/build/DerivedData/Build/Intermediates.noindex/Jade.build/Debug-iphoneos/Jade.build/Jade-own-target-headers.hmap -Xcc -I/Users/jason/Documents/BQTools/build/DerivedData/Build/Intermediates.noindex/Jade.build/Debug-iphoneos/Jade.build/Jade-all-target-headers.hmap -Xcc -iquote -Xcc /Users/jason/Documents/BQTools/build/DerivedData/Build/Intermediates.noindex/Jade.build/Debug-iphoneos/Jade.build/Jade-project-headers.hmap -Xcc -I/Users/jason/Documents/BQTools/build/DerivedData/Build/Products/Debug-iphoneos/include -Xcc -I/Users/jason/Documents/BQTools/build/DerivedData/Build/Intermediates.noindex/Jade.build/Debug-iphoneos/Jade.build/DerivedSources-normal/arm64 -Xcc -I/Users/jason/Documents/BQTools/build/DerivedData/Build/Intermediates.noindex/Jade.build/Debug-iphoneos/Jade.build/DerivedSources/arm64 -Xcc -I/Users/jason/Documents/BQTools/build/DerivedData/Build/Intermediates.noindex/Jade.build/Debug-iphoneos/Jade.build/DerivedSources -Xcc -DDEBUG\=1 -emit-objc-header -emit-objc-header-path /Users/jason/Documents/BQTools/build/DerivedData/Build/Intermediates.noindex/Jade.build/Debug-iphoneos/Jade.build/Objects-normal/arm64/Jade-Swift.h -import-objc-header /Users/jason/Documents/BQTools/bad_query/bad_query-Bridging-Header.h -working-directory /Users/jason/Documents/BQTools -experimental-emit-module-separately -disable-cmo

SwiftDriverJobDiscovery normal arm64 Compiling BQWallpaperBrowserView.swift, id2name.swift (in target 'Jade' from project 'Jade')

SwiftDriverJobDiscovery normal arm64 Compiling BQSandboxPoCView.swift, BQWallpaperAPI.swift (in target 'Jade' from project 'Jade')

SwiftDriverJobDiscovery normal arm64 Compiling bad_queryApp.swift, BQAppListView.swift, BQDirectoryView.swift (in target 'Jade' from project 'Jade')

SwiftDriverJobDiscovery normal arm64 Compiling BQFileSystem.swift, BQMobileGestalt.swift, BQMobileGestaltView.swift (in target 'Jade' from project 'Jade')

SwiftMergeGeneratedHeaders /Users/jason/Documents/BQTools/build/DerivedData/Build/Intermediates.noindex/Jade.build/Debug-iphoneos/Jade.build/DerivedSources/Jade-Swift.h /Users/jason/Documents/BQTools/build/DerivedData/Build/Intermediates.noindex/Jade.build/Debug-iphoneos/Jade.build/Objects-normal/arm64/Jade-Swift.h (in target 'Jade' from project 'Jade')
    cd /Users/jason/Documents/BQTools
    builtin-swiftHeaderTool -arch arm64 /Users/jason/Documents/BQTools/build/DerivedData/Build/Intermediates.noindex/Jade.build/Debug-iphoneos/Jade.build/Objects-normal/arm64/Jade-Swift.h -o /Users/jason/Documents/BQTools/build/DerivedData/Build/Intermediates.noindex/Jade.build/Debug-iphoneos/Jade.build/DerivedSources/Jade-Swift.h

Copy /Users/jason/Documents/BQTools/build/DerivedData/Build/Products/Debug-iphoneos/Jade.swiftmodule/arm64-apple-ios.swiftmodule /Users/jason/Documents/BQTools/build/DerivedData/Build/Intermediates.noindex/Jade.build/Debug-iphoneos/Jade.build/Objects-normal/arm64/Jade.swiftmodule (in target 'Jade' from project 'Jade')
    cd /Users/jason/Documents/BQTools
    builtin-copy -exclude .DS_Store -exclude CVS -exclude .svn -exclude .git -exclude .hg -resolve-src-symlinks -rename /Users/jason/Documents/BQTools/build/DerivedData/Build/Intermediates.noindex/Jade.build/Debug-iphoneos/Jade.build/Objects-normal/arm64/Jade.swiftmodule /Users/jason/Documents/BQTools/build/DerivedData/Build/Products/Debug-iphoneos/Jade.swiftmodule/arm64-apple-ios.swiftmodule

Copy /Users/jason/Documents/BQTools/build/DerivedData/Build/Products/Debug-iphoneos/Jade.swiftmodule/arm64-apple-ios.abi.json /Users/jason/Documents/BQTools/build/DerivedData/Build/Intermediates.noindex/Jade.build/Debug-iphoneos/Jade.build/Objects-normal/arm64/Jade.abi.json (in target 'Jade' from project 'Jade')
    cd /Users/jason/Documents/BQTools
    builtin-copy -exclude .DS_Store -exclude CVS -exclude .svn -exclude .git -exclude .hg -resolve-src-symlinks -rename /Users/jason/Documents/BQTools/build/DerivedData/Build/Intermediates.noindex/Jade.build/Debug-iphoneos/Jade.build/Objects-normal/arm64/Jade.abi.json /Users/jason/Documents/BQTools/build/DerivedData/Build/Products/Debug-iphoneos/Jade.swiftmodule/arm64-apple-ios.abi.json

Copy /Users/jason/Documents/BQTools/build/DerivedData/Build/Products/Debug-iphoneos/Jade.swiftmodule/arm64-apple-ios.swiftdoc /Users/jason/Documents/BQTools/build/DerivedData/Build/Intermediates.noindex/Jade.build/Debug-iphoneos/Jade.build/Objects-normal/arm64/Jade.swiftdoc (in target 'Jade' from project 'Jade')
    cd /Users/jason/Documents/BQTools
    builtin-copy -exclude .DS_Store -exclude CVS -exclude .svn -exclude .git -exclude .hg -resolve-src-symlinks -rename /Users/jason/Documents/BQTools/build/DerivedData/Build/Intermediates.noindex/Jade.build/Debug-iphoneos/Jade.build/Objects-normal/arm64/Jade.swiftdoc /Users/jason/Documents/BQTools/build/DerivedData/Build/Products/Debug-iphoneos/Jade.swiftmodule/arm64-apple-ios.swiftdoc

Copy /Users/jason/Documents/BQTools/build/DerivedData/Build/Products/Debug-iphoneos/Jade.swiftmodule/Project/arm64-apple-ios.swiftsourceinfo /Users/jason/Documents/BQTools/build/DerivedData/Build/Intermediates.noindex/Jade.build/Debug-iphoneos/Jade.build/Objects-normal/arm64/Jade.swiftsourceinfo (in target 'Jade' from project 'Jade')
    cd /Users/jason/Documents/BQTools
    builtin-copy -exclude .DS_Store -exclude CVS -exclude .svn -exclude .git -exclude .hg -resolve-src-symlinks -rename /Users/jason/Documents/BQTools/build/DerivedData/Build/Intermediates.noindex/Jade.build/Debug-iphoneos/Jade.build/Objects-normal/arm64/Jade.swiftsourceinfo /Users/jason/Documents/BQTools/build/DerivedData/Build/Products/Debug-iphoneos/Jade.swiftmodule/Project/arm64-apple-ios.swiftsourceinfo

ScanDependencies /Users/jason/Documents/BQTools/build/DerivedData/Build/Intermediates.noindex/Jade.build/Debug-iphoneos/Jade.build/Objects-normal/arm64/bad_query-0816db726e1d52338ac3e689d3481a78.o /Users/jason/Documents/BQTools/bad_query/bad_query.c normal arm64 c com.apple.compilers.llvm.clang.1_0.compiler (in target 'Jade' from project 'Jade')
    cd /Users/jason/Documents/BQTools
    
    Using response file: /Users/jason/Documents/BQTools/build/DerivedData/Build/Intermediates.noindex/Jade.build/Debug-iphoneos/Jade.build/Objects-normal/arm64/7187679823f38a2a940e0043cdf9d637-common-args.resp
    
    builtin-ScanDependencies -o /Users/jason/Documents/BQTools/build/DerivedData/Build/Intermediates.noindex/Jade.build/Debug-iphoneos/Jade.build/Objects-normal/arm64/bad_query-0816db726e1d52338ac3e689d3481a78.o.scan -- /Applications/Xcode-beta.app/Contents/Developer/Toolchains/XcodeDefault.xctoolchain/usr/bin/clang -x c -ivfsstatcache /Users/jason/Documents/BQTools/build/DerivedData/SDKStatCaches.noindex/iphoneos27.0-24A5380g-ab8728d0c5b464cc751fe8b4b02b9db3.sdkstatcache -target arm64-apple-ios26.0 -fmessage-length\=0 -fdiagnostics-show-note-include-stack -fmacro-backtrace-limit\=0 -fno-color-diagnostics -fmodules-prune-interval\=86400 -fmodules-prune-after\=345600 -fbuild-session-file\=/Users/jason/Documents/BQTools/build/DerivedData/ModuleCache.noindex/Session.modulevalidation -fmodules-validate-once-per-build-session -Wnon-modular-include-in-framework-module -Werror\=non-modular-include-in-framework-module -Wno-trigraphs -Wno-missing-field-initializers -Wno-missing-prototypes -Werror\=return-type -Wdocumentation -Wunreachable-code -Wquoted-include-in-framework-header -Werror\=deprecated-objc-isa-usage -Werror\=objc-root-class -Wno-missing-braces -Wparentheses -Wswitch -Wunused-function -Wno-unused-label -Wno-unused-parameter -Wunused-variable -Wunused-value -Wempty-body -Wuninitialized -Wconditional-uninitialized -Wno-unknown-pragmas -Wno-shadow -Wno-four-char-constants -Wno-conversion -Wconstant-conversion -Wint-conversion -Wbool-conversion -Wenum-conversion -Wno-float-conversion -Wnon-literal-null-conversion -Wobjc-literal-conversion -Wshorten-64-to-32 -Wpointer-sign -Wno-newline-eof -Wno-implicit-fallthrough -isysroot /Applications/Xcode-beta.app/Contents/Developer/Platforms/iPhoneOS.platform/Developer/SDKs/iPhoneOS27.0.sdk -fstrict-aliasing -Wdeprecated-declarations -Wno-sign-conversion -Winfinite-recursion -Wcomma -Wblock-capture-autoreleasing -Wstrict-prototypes -Wno-semicolon-before-method-body -Wunguarded-availability -index-store-path /Users/jason/Documents/BQTools/build/DerivedData/Index.noindex/DataStore @/Users/jason/Documents/BQTools/build/DerivedData/Build/Intermediates.noindex/Jade.build/Debug-iphoneos/Jade.build/Objects-normal/arm64/7187679823f38a2a940e0043cdf9d637-common-args.resp -MMD -MT dependencies -MF /Users/jason/Documents/BQTools/build/DerivedData/Build/Intermediates.noindex/Jade.build/Debug-iphoneos/Jade.build/Objects-normal/arm64/bad_query-0816db726e1d52338ac3e689d3481a78.d --serialize-diagnostics /Users/jason/Documents/BQTools/build/DerivedData/Build/Intermediates.noindex/Jade.build/Debug-iphoneos/Jade.build/Objects-normal/arm64/bad_query-0816db726e1d52338ac3e689d3481a78.dia -c /Users/jason/Documents/BQTools/bad_query/bad_query.c -o /Users/jason/Documents/BQTools/build/DerivedData/Build/Intermediates.noindex/Jade.build/Debug-iphoneos/Jade.build/Objects-normal/arm64/bad_query-0816db726e1d52338ac3e689d3481a78.o -index-unit-output-path /Jade.build/Debug-iphoneos/Jade.build/Objects-normal/arm64/bad_query-0816db726e1d52338ac3e689d3481a78.o

ScanDependencies /Users/jason/Documents/BQTools/build/DerivedData/Build/Intermediates.noindex/Jade.build/Debug-iphoneos/Jade.build/Objects-normal/arm64/MCMBridge.o /Users/jason/Documents/BQTools/bad_query/MCMBridge.m normal arm64 objective-c com.apple.compilers.llvm.clang.1_0.compiler (in target 'Jade' from project 'Jade')
    cd /Users/jason/Documents/BQTools
    
    Using response file: /Users/jason/Documents/BQTools/build/DerivedData/Build/Intermediates.noindex/Jade.build/Debug-iphoneos/Jade.build/Objects-normal/arm64/e6072d4f65d7061329687fe24e3d63a7-common-args.resp
    
    builtin-ScanDependencies -o /Users/jason/Documents/BQTools/build/DerivedData/Build/Intermediates.noindex/Jade.build/Debug-iphoneos/Jade.build/Objects-normal/arm64/MCMBridge.o.scan -- /Applications/Xcode-beta.app/Contents/Developer/Toolchains/XcodeDefault.xctoolchain/usr/bin/clang -x objective-c -ivfsstatcache /Users/jason/Documents/BQTools/build/DerivedData/SDKStatCaches.noindex/iphoneos27.0-24A5380g-ab8728d0c5b464cc751fe8b4b02b9db3.sdkstatcache -target arm64-apple-ios26.0 -fmessage-length\=0 -fdiagnostics-show-note-include-stack -fmacro-backtrace-limit\=0 -fno-color-diagnostics -fmodules-prune-interval\=86400 -fmodules-prune-after\=345600 -fbuild-session-file\=/Users/jason/Documents/BQTools/build/DerivedData/ModuleCache.noindex/Session.modulevalidation -fmodules-validate-once-per-build-session -Wnon-modular-include-in-framework-module -Werror\=non-modular-include-in-framework-module -Wno-trigraphs -Wno-missing-field-initializers -Wno-missing-prototypes -Werror\=return-type -Wdocumentation -Wunreachable-code -Wquoted-include-in-framework-header -Wno-implicit-atomic-properties -Werror\=deprecated-objc-isa-usage -Wno-objc-interface-ivars -Werror\=objc-root-class -Wno-arc-repeated-use-of-weak -Wimplicit-retain-self -Wduplicate-method-match -Wno-missing-braces -Wparentheses -Wswitch -Wunused-function -Wno-unused-label -Wno-unused-parameter -Wunused-variable -Wunused-value -Wempty-body -Wuninitialized -Wconditional-uninitialized -Wno-unknown-pragmas -Wno-shadow -Wno-four-char-constants -Wno-conversion -Wconstant-conversion -Wint-conversion -Wbool-conversion -Wenum-conversion -Wno-float-conversion -Wnon-literal-null-conversion -Wobjc-literal-conversion -Wshorten-64-to-32 -Wpointer-sign -Wno-newline-eof -Wno-selector -Wno-strict-selector-match -Wundeclared-selector -Wdeprecated-implementations -Wno-implicit-fallthrough -isysroot /Applications/Xcode-beta.app/Contents/Developer/Platforms/iPhoneOS.platform/Developer/SDKs/iPhoneOS27.0.sdk -fstrict-aliasing -Wprotocol -Wdeprecated-declarations -Wno-sign-conversion -Winfinite-recursion -Wcomma -Wblock-capture-autoreleasing -Wstrict-prototypes -Wno-semicolon-before-method-body -Wunguarded-availability -index-store-path /Users/jason/Documents/BQTools/build/DerivedData/Index.noindex/DataStore @/Users/jason/Documents/BQTools/build/DerivedData/Build/Intermediates.noindex/Jade.build/Debug-iphoneos/Jade.build/Objects-normal/arm64/e6072d4f65d7061329687fe24e3d63a7-common-args.resp -MMD -MT dependencies -MF /Users/jason/Documents/BQTools/build/DerivedData/Build/Intermediates.noindex/Jade.build/Debug-iphoneos/Jade.build/Objects-normal/arm64/MCMBridge.d --serialize-diagnostics /Users/jason/Documents/BQTools/build/DerivedData/Build/Intermediates.noindex/Jade.build/Debug-iphoneos/Jade.build/Objects-normal/arm64/MCMBridge.dia -c /Users/jason/Documents/BQTools/bad_query/MCMBridge.m -o /Users/jason/Documents/BQTools/build/DerivedData/Build/Intermediates.noindex/Jade.build/Debug-iphoneos/Jade.build/Objects-normal/arm64/MCMBridge.o -index-unit-output-path /Jade.build/Debug-iphoneos/Jade.build/Objects-normal/arm64/MCMBridge.o

ScanDependencies /Users/jason/Documents/BQTools/build/DerivedData/Build/Intermediates.noindex/Jade.build/Debug-iphoneos/Jade.build/Objects-normal/arm64/BQMCMIntegration.o /Users/jason/Documents/BQTools/bad_query/BQMCMIntegration.m normal arm64 objective-c com.apple.compilers.llvm.clang.1_0.compiler (in target 'Jade' from project 'Jade')
    cd /Users/jason/Documents/BQTools
    
    Using response file: /Users/jason/Documents/BQTools/build/DerivedData/Build/Intermediates.noindex/Jade.build/Debug-iphoneos/Jade.build/Objects-normal/arm64/e6072d4f65d7061329687fe24e3d63a7-common-args.resp
    
    builtin-ScanDependencies -o /Users/jason/Documents/BQTools/build/DerivedData/Build/Intermediates.noindex/Jade.build/Debug-iphoneos/Jade.build/Objects-normal/arm64/BQMCMIntegration.o.scan -- /Applications/Xcode-beta.app/Contents/Developer/Toolchains/XcodeDefault.xctoolchain/usr/bin/clang -x objective-c -ivfsstatcache /Users/jason/Documents/BQTools/build/DerivedData/SDKStatCaches.noindex/iphoneos27.0-24A5380g-ab8728d0c5b464cc751fe8b4b02b9db3.sdkstatcache -target arm64-apple-ios26.0 -fmessage-length\=0 -fdiagnostics-show-note-include-stack -fmacro-backtrace-limit\=0 -fno-color-diagnostics -fmodules-prune-interval\=86400 -fmodules-prune-after\=345600 -fbuild-session-file\=/Users/jason/Documents/BQTools/build/DerivedData/ModuleCache.noindex/Session.modulevalidation -fmodules-validate-once-per-build-session -Wnon-modular-include-in-framework-module -Werror\=non-modular-include-in-framework-module -Wno-trigraphs -Wno-missing-field-initializers -Wno-missing-prototypes -Werror\=return-type -Wdocumentation -Wunreachable-code -Wquoted-include-in-framework-header -Wno-implicit-atomic-properties -Werror\=deprecated-objc-isa-usage -Wno-objc-interface-ivars -Werror\=objc-root-class -Wno-arc-repeated-use-of-weak -Wimplicit-retain-self -Wduplicate-method-match -Wno-missing-braces -Wparentheses -Wswitch -Wunused-function -Wno-unused-label -Wno-unused-parameter -Wunused-variable -Wunused-value -Wempty-body -Wuninitialized -Wconditional-uninitialized -Wno-unknown-pragmas -Wno-shadow -Wno-four-char-constants -Wno-conversion -Wconstant-conversion -Wint-conversion -Wbool-conversion -Wenum-conversion -Wno-float-conversion -Wnon-literal-null-conversion -Wobjc-literal-conversion -Wshorten-64-to-32 -Wpointer-sign -Wno-newline-eof -Wno-selector -Wno-strict-selector-match -Wundeclared-selector -Wdeprecated-implementations -Wno-implicit-fallthrough -isysroot /Applications/Xcode-beta.app/Contents/Developer/Platforms/iPhoneOS.platform/Developer/SDKs/iPhoneOS27.0.sdk -fstrict-aliasing -Wprotocol -Wdeprecated-declarations -Wno-sign-conversion -Winfinite-recursion -Wcomma -Wblock-capture-autoreleasing -Wstrict-prototypes -Wno-semicolon-before-method-body -Wunguarded-availability -index-store-path /Users/jason/Documents/BQTools/build/DerivedData/Index.noindex/DataStore @/Users/jason/Documents/BQTools/build/DerivedData/Build/Intermediates.noindex/Jade.build/Debug-iphoneos/Jade.build/Objects-normal/arm64/e6072d4f65d7061329687fe24e3d63a7-common-args.resp -MMD -MT dependencies -MF /Users/jason/Documents/BQTools/build/DerivedData/Build/Intermediates.noindex/Jade.build/Debug-iphoneos/Jade.build/Objects-normal/arm64/BQMCMIntegration.d --serialize-diagnostics /Users/jason/Documents/BQTools/build/DerivedData/Build/Intermediates.noindex/Jade.build/Debug-iphoneos/Jade.build/Objects-normal/arm64/BQMCMIntegration.dia -c /Users/jason/Documents/BQTools/bad_query/BQMCMIntegration.m -o /Users/jason/Documents/BQTools/build/DerivedData/Build/Intermediates.noindex/Jade.build/Debug-iphoneos/Jade.build/Objects-normal/arm64/BQMCMIntegration.o -index-unit-output-path /Jade.build/Debug-iphoneos/Jade.build/Objects-normal/arm64/BQMCMIntegration.o

SwiftDriverJobDiscovery normal arm64 Compiling Respring.swift, GeneratedAssetSymbols.swift (in target 'Jade' from project 'Jade')

SwiftDriverJobDiscovery normal arm64 Compiling BQPoster.swift, BQPosterView.swift, BQRootView.swift (in target 'Jade' from project 'Jade')

SwiftDriver\ Compilation Jade normal arm64 com.apple.xcode.tools.swift.compiler (in target 'Jade' from project 'Jade')
    cd /Users/jason/Documents/BQTools
    builtin-Swift-Compilation -- /Applications/Xcode-beta.app/Contents/Developer/Toolchains/XcodeDefault.xctoolchain/usr/bin/swiftc -module-name Jade -Onone @/Users/jason/Documents/BQTools/build/DerivedData/Build/Intermediates.noindex/Jade.build/Debug-iphoneos/Jade.build/Objects-normal/arm64/Jade.SwiftFileList -DDEBUG -default-isolation\=MainActor -enable-bare-slash-regex -enable-upcoming-feature DisableOutwardActorInference -enable-upcoming-feature InferSendableFromCaptures -enable-upcoming-feature GlobalActorIsolatedTypesUsability -enable-upcoming-feature MemberImportVisibility -enable-upcoming-feature InferIsolatedConformances -enable-upcoming-feature NonisolatedNonsendingByDefault -enable-experimental-feature DebugDescriptionMacro -sdk /Applications/Xcode-beta.app/Contents/Developer/Platforms/iPhoneOS.platform/Developer/SDKs/iPhoneOS27.0.sdk -target arm64-apple-ios26.0 -g -module-cache-path /Users/jason/Documents/BQTools/build/DerivedData/ModuleCache.noindex -Xfrontend -serialize-debugging-options -enable-testing -index-store-path /Users/jason/Documents/BQTools/build/DerivedData/Index.noindex/DataStore -Xcc -D_LIBCPP_HARDENING_MODE\=_LIBCPP_HARDENING_MODE_DEBUG -swift-version 5 -I /Users/jason/Documents/BQTools/build/DerivedData/Build/Products/Debug-iphoneos -F /Users/jason/Documents/BQTools/build/DerivedData/Build/Products/Debug-iphoneos -F /Users/jason/Documents/BQTools/bad_query -emit-localized-strings -emit-localized-strings-path /Users/jason/Documents/BQTools/build/DerivedData/Build/Intermediates.noindex/Jade.build/Debug-iphoneos/Jade.build/Objects-normal/arm64 -c -j6 -enable-batch-mode -incremental -Xcc -ivfsstatcache -Xcc /Users/jason/Documents/BQTools/build/DerivedData/SDKStatCaches.noindex/iphoneos27.0-24A5380g-ab8728d0c5b464cc751fe8b4b02b9db3.sdkstatcache -output-file-map /Users/jason/Documents/BQTools/build/DerivedData/Build/Intermediates.noindex/Jade.build/Debug-iphoneos/Jade.build/Objects-normal/arm64/Jade-OutputFileMap.json -save-temps -no-color-diagnostics -explicit-module-build -module-cache-path /Users/jason/Documents/BQTools/build/DerivedData/Build/Intermediates.noindex/SwiftExplicitPrecompiledModules -clang-scanner-module-cache-path /Users/jason/Documents/BQTools/build/DerivedData/ModuleCache.noindex -sdk-module-cache-path /Users/jason/Documents/BQTools/build/DerivedData/SDKExplicitPrecompiledModules -emit-dependencies -emit-module -emit-module-path /Users/jason/Documents/BQTools/build/DerivedData/Build/Intermediates.noindex/Jade.build/Debug-iphoneos/Jade.build/Objects-normal/arm64/Jade.swiftmodule -serialize-diagnostics -dependency-scan-serialize-diagnostics-path /Users/jason/Documents/BQTools/build/DerivedData/Build/Intermediates.noindex/Jade.build/Debug-iphoneos/Jade.build/Objects-normal/arm64/Jade-dependency-scan.dia -validate-clang-modules-once -clang-build-session-file /Users/jason/Documents/BQTools/build/DerivedData/ModuleCache.noindex/Session.modulevalidation -Xcc -fmodules-prune-interval\=86400 -Xcc -fmodules-prune-after\=345600 -emit-const-values -const-gather-protocols-list /Users/jason/Documents/BQTools/build/DerivedData/Build/Intermediates.noindex/Jade.build/Debug-iphoneos/Jade.build/Objects-normal/arm64/Jade_const_extract_protocols.json -Xcc -iquote -Xcc /Users/jason/Documents/BQTools/build/DerivedData/Build/Intermediates.noindex/Jade.build/Debug-iphoneos/Jade.build/Jade-generated-files.hmap -Xcc -I/Users/jason/Documents/BQTools/build/DerivedData/Build/Intermediates.noindex/Jade.build/Debug-iphoneos/Jade.build/Jade-own-target-headers.hmap -Xcc -I/Users/jason/Documents/BQTools/build/DerivedData/Build/Intermediates.noindex/Jade.build/Debug-iphoneos/Jade.build/Jade-all-target-headers.hmap -Xcc -iquote -Xcc /Users/jason/Documents/BQTools/build/DerivedData/Build/Intermediates.noindex/Jade.build/Debug-iphoneos/Jade.build/Jade-project-headers.hmap -Xcc -I/Users/jason/Documents/BQTools/build/DerivedData/Build/Products/Debug-iphoneos/include -Xcc -I/Users/jason/Documents/BQTools/build/DerivedData/Build/Intermediates.noindex/Jade.build/Debug-iphoneos/Jade.build/DerivedSources-normal/arm64 -Xcc -I/Users/jason/Documents/BQTools/build/DerivedData/Build/Intermediates.noindex/Jade.build/Debug-iphoneos/Jade.build/DerivedSources/arm64 -Xcc -I/Users/jason/Documents/BQTools/build/DerivedData/Build/Intermediates.noindex/Jade.build/Debug-iphoneos/Jade.build/DerivedSources -Xcc -DDEBUG\=1 -emit-objc-header -emit-objc-header-path /Users/jason/Documents/BQTools/build/DerivedData/Build/Intermediates.noindex/Jade.build/Debug-iphoneos/Jade.build/Objects-normal/arm64/Jade-Swift.h -import-objc-header /Users/jason/Documents/BQTools/bad_query/bad_query-Bridging-Header.h -working-directory /Users/jason/Documents/BQTools -experimental-emit-module-separately -disable-cmo

PrecompileModule /Users/jason/Documents/BQTools/build/DerivedData/Build/Intermediates.noindex/ExplicitPrecompiledModules/_Builtin_stdbool-GNRNJC0ORQV7HQKD2NAPW44I.scan
    cd /
    builtin-precompileModule /Users/jason/Documents/BQTools/build/DerivedData/Build/Intermediates.noindex/ExplicitPrecompiledModules/_Builtin_stdbool-GNRNJC0ORQV7HQKD2NAPW44I.scan

PrecompileModule /Users/jason/Documents/BQTools/build/DerivedData/Build/Intermediates.noindex/ExplicitPrecompiledModules/_Builtin_float-2TD1ZHJDTGQG52XM9FZGT08AJ.scan
    cd /
    builtin-precompileModule /Users/jason/Documents/BQTools/build/DerivedData/Build/Intermediates.noindex/ExplicitPrecompiledModules/_Builtin_float-2TD1ZHJDTGQG52XM9FZGT08AJ.scan

PrecompileModule /Users/jason/Documents/BQTools/build/DerivedData/Build/Intermediates.noindex/ExplicitPrecompiledModules/_Builtin_stdarg-2YO3EQ8WIH3CPEVW2J8HAU0AG.scan
    cd /
    builtin-precompileModule /Users/jason/Documents/BQTools/build/DerivedData/Build/Intermediates.noindex/ExplicitPrecompiledModules/_Builtin_stdarg-2YO3EQ8WIH3CPEVW2J8HAU0AG.scan

PrecompileModule /Users/jason/Documents/BQTools/build/DerivedData/Build/Intermediates.noindex/ExplicitPrecompiledModules/_AvailabilityInternal-26QUPD0UWZB2UGN5FFNZWM7JZ.scan
    cd /
    builtin-precompileModule /Users/jason/Documents/BQTools/build/DerivedData/Build/Intermediates.noindex/ExplicitPrecompiledModules/_AvailabilityInternal-26QUPD0UWZB2UGN5FFNZWM7JZ.scan

PrecompileModule /Users/jason/Documents/BQTools/build/DerivedData/Build/Intermediates.noindex/ExplicitPrecompiledModules/ptrcheck-MBB7X48S6EAHXX0BJBVMOL1B.scan
    cd /
    builtin-precompileModule /Users/jason/Documents/BQTools/build/DerivedData/Build/Intermediates.noindex/ExplicitPrecompiledModules/ptrcheck-MBB7X48S6EAHXX0BJBVMOL1B.scan

PrecompileModule /Users/jason/Documents/BQTools/build/DerivedData/Build/Intermediates.noindex/ExplicitPrecompiledModules/_Builtin_stddef-64KXTV6QNA0Z845E8FTB6QQ8Y.scan
    cd /
    builtin-precompileModule /Users/jason/Documents/BQTools/build/DerivedData/Build/Intermediates.noindex/ExplicitPrecompiledModules/_Builtin_stddef-64KXTV6QNA0Z845E8FTB6QQ8Y.scan

PrecompileModule /Users/jason/Documents/BQTools/build/DerivedData/Build/Intermediates.noindex/ExplicitPrecompiledModules/_Builtin_stdarg-9YN7LG1H28OHNGL14A2N8IZZS.scan
    cd /
    builtin-precompileModule /Users/jason/Documents/BQTools/build/DerivedData/Build/Intermediates.noindex/ExplicitPrecompiledModules/_Builtin_stdarg-9YN7LG1H28OHNGL14A2N8IZZS.scan

PrecompileModule /Users/jason/Documents/BQTools/build/DerivedData/Build/Intermediates.noindex/ExplicitPrecompiledModules/ptrcheck-5J1A5JTD3EG38WPMMJROYOD4H.scan
    cd /
    builtin-precompileModule /Users/jason/Documents/BQTools/build/DerivedData/Build/Intermediates.noindex/ExplicitPrecompiledModules/ptrcheck-5J1A5JTD3EG38WPMMJROYOD4H.scan

PrecompileModule /Users/jason/Documents/BQTools/build/DerivedData/Build/Intermediates.noindex/ExplicitPrecompiledModules/_Builtin_stddef-4QRDJPKPWC4859M5UQXH11SQG.scan
    cd /
    builtin-precompileModule /Users/jason/Documents/BQTools/build/DerivedData/Build/Intermediates.noindex/ExplicitPrecompiledModules/_Builtin_stddef-4QRDJPKPWC4859M5UQXH11SQG.scan

PrecompileModule /Users/jason/Documents/BQTools/build/DerivedData/Build/Intermediates.noindex/ExplicitPrecompiledModules/_Builtin_stdbool-2LWXT67Y97XRR9DEUVDNPABOO.scan
    cd /
    builtin-precompileModule /Users/jason/Documents/BQTools/build/DerivedData/Build/Intermediates.noindex/ExplicitPrecompiledModules/_Builtin_stdbool-2LWXT67Y97XRR9DEUVDNPABOO.scan

PrecompileModule /Users/jason/Documents/BQTools/build/DerivedData/Build/Intermediates.noindex/ExplicitPrecompiledModules/_Builtin_float-9MEYGOZHHZLLPW01OISQ5X0I1.scan
    cd /
    builtin-precompileModule /Users/jason/Documents/BQTools/build/DerivedData/Build/Intermediates.noindex/ExplicitPrecompiledModules/_Builtin_float-9MEYGOZHHZLLPW01OISQ5X0I1.scan

PrecompileModule /Users/jason/Documents/BQTools/build/DerivedData/Build/Intermediates.noindex/ExplicitPrecompiledModules/_DarwinFoundation1-C0HJA1RYG10YMOLMQJFS8UFH8.scan
    cd /
    builtin-precompileModule /Users/jason/Documents/BQTools/build/DerivedData/Build/Intermediates.noindex/ExplicitPrecompiledModules/_DarwinFoundation1-C0HJA1RYG10YMOLMQJFS8UFH8.scan

PrecompileModule /Users/jason/Documents/BQTools/build/DerivedData/Build/Intermediates.noindex/ExplicitPrecompiledModules/ptrauth-B1TB960GKTUVHJEJSN94XTLYM.scan
    cd /
    builtin-precompileModule /Users/jason/Documents/BQTools/build/DerivedData/Build/Intermediates.noindex/ExplicitPrecompiledModules/ptrauth-B1TB960GKTUVHJEJSN94XTLYM.scan

PrecompileModule /Users/jason/Documents/BQTools/build/DerivedData/Build/Intermediates.noindex/ExplicitPrecompiledModules/_AvailabilityInternal-291ISWQHKNH3QL8NHUZJKYRLK.scan
    cd /
    builtin-precompileModule /Users/jason/Documents/BQTools/build/DerivedData/Build/Intermediates.noindex/ExplicitPrecompiledModules/_AvailabilityInternal-291ISWQHKNH3QL8NHUZJKYRLK.scan

PrecompileModule /Users/jason/Documents/BQTools/build/DerivedData/Build/Intermediates.noindex/ExplicitPrecompiledModules/_DarwinFoundation1-EB51TOORVJPRWN7SC3OZ19BQW.scan
    cd /
    builtin-precompileModule /Users/jason/Documents/BQTools/build/DerivedData/Build/Intermediates.noindex/ExplicitPrecompiledModules/_DarwinFoundation1-EB51TOORVJPRWN7SC3OZ19BQW.scan

PrecompileModule /Users/jason/Documents/BQTools/build/DerivedData/Build/Intermediates.noindex/ExplicitPrecompiledModules/_Builtin_limits-E5JAA3SR08EMQ54RNT1GIKI1Q.scan
    cd /
    builtin-precompileModule /Users/jason/Documents/BQTools/build/DerivedData/Build/Intermediates.noindex/ExplicitPrecompiledModules/_Builtin_limits-E5JAA3SR08EMQ54RNT1GIKI1Q.scan

PrecompileModule /Users/jason/Documents/BQTools/build/DerivedData/Build/Intermediates.noindex/ExplicitPrecompiledModules/_DarwinFoundation2-F1T96MFRJ1PPD4VG3B3ATTJ33.scan
    cd /
    builtin-precompileModule /Users/jason/Documents/BQTools/build/DerivedData/Build/Intermediates.noindex/ExplicitPrecompiledModules/_DarwinFoundation2-F1T96MFRJ1PPD4VG3B3ATTJ33.scan

PrecompileModule /Users/jason/Documents/BQTools/build/DerivedData/Build/Intermediates.noindex/ExplicitPrecompiledModules/_Builtin_limits-CCJI8UPMJS4RUJTYQJHKZMC1T.scan
    cd /
    builtin-precompileModule /Users/jason/Documents/BQTools/build/DerivedData/Build/Intermediates.noindex/ExplicitPrecompiledModules/_Builtin_limits-CCJI8UPMJS4RUJTYQJHKZMC1T.scan

PrecompileModule /Users/jason/Documents/BQTools/build/DerivedData/Build/Intermediates.noindex/ExplicitPrecompiledModules/_DarwinFoundation2-9R0F2L8FVT7KR7R1GOKXWGQAO.scan
    cd /
    builtin-precompileModule /Users/jason/Documents/BQTools/build/DerivedData/Build/Intermediates.noindex/ExplicitPrecompiledModules/_DarwinFoundation2-9R0F2L8FVT7KR7R1GOKXWGQAO.scan

PrecompileModule /Users/jason/Documents/BQTools/build/DerivedData/Build/Intermediates.noindex/ExplicitPrecompiledModules/_Builtin_stdint-81PRIM8UBATR4WX7Z97KBP6K9.scan
    cd /
    builtin-precompileModule /Users/jason/Documents/BQTools/build/DerivedData/Build/Intermediates.noindex/ExplicitPrecompiledModules/_Builtin_stdint-81PRIM8UBATR4WX7Z97KBP6K9.scan

PrecompileModule /Users/jason/Documents/BQTools/build/DerivedData/Build/Intermediates.noindex/ExplicitPrecompiledModules/_Builtin_stdint-79YS7UEAU1UDUWOAA7XE3WQFO.scan
    cd /
    builtin-precompileModule /Users/jason/Documents/BQTools/build/DerivedData/Build/Intermediates.noindex/ExplicitPrecompiledModules/_Builtin_stdint-79YS7UEAU1UDUWOAA7XE3WQFO.scan

PrecompileModule /Users/jason/Documents/BQTools/build/DerivedData/Build/Intermediates.noindex/ExplicitPrecompiledModules/_DarwinFoundation3-411GEH7TINR71O3MVN4SRZGG3.scan
    cd /
    builtin-precompileModule /Users/jason/Documents/BQTools/build/DerivedData/Build/Intermediates.noindex/ExplicitPrecompiledModules/_DarwinFoundation3-411GEH7TINR71O3MVN4SRZGG3.scan

PrecompileModule /Users/jason/Documents/BQTools/build/DerivedData/Build/Intermediates.noindex/ExplicitPrecompiledModules/_DarwinFoundation3-395V117VVKFJDHV77GDZ8AL2N.scan
    cd /
    builtin-precompileModule /Users/jason/Documents/BQTools/build/DerivedData/Build/Intermediates.noindex/ExplicitPrecompiledModules/_DarwinFoundation3-395V117VVKFJDHV77GDZ8AL2N.scan

PrecompileModule /Users/jason/Documents/BQTools/build/DerivedData/Build/Intermediates.noindex/ExplicitPrecompiledModules/_Builtin_inttypes-8OLLRCD0VY6YHCG1S16JRGM6P.scan
    cd /
    builtin-precompileModule /Users/jason/Documents/BQTools/build/DerivedData/Build/Intermediates.noindex/ExplicitPrecompiledModules/_Builtin_inttypes-8OLLRCD0VY6YHCG1S16JRGM6P.scan

PrecompileModule /Users/jason/Documents/BQTools/build/DerivedData/Build/Intermediates.noindex/ExplicitPrecompiledModules/_Builtin_inttypes-5BNDHSRVNU5KQNDGL3JY3IBNT.scan
    cd /
    builtin-precompileModule /Users/jason/Documents/BQTools/build/DerivedData/Build/Intermediates.noindex/ExplicitPrecompiledModules/_Builtin_inttypes-5BNDHSRVNU5KQNDGL3JY3IBNT.scan

PrecompileModule /Users/jason/Documents/BQTools/build/DerivedData/Build/Intermediates.noindex/ExplicitPrecompiledModules/Darwin-4VU6JYO2WMQRE5632Z0OH3IYN.scan
    cd /
    builtin-precompileModule /Users/jason/Documents/BQTools/build/DerivedData/Build/Intermediates.noindex/ExplicitPrecompiledModules/Darwin-4VU6JYO2WMQRE5632Z0OH3IYN.scan

PrecompileModule /Users/jason/Documents/BQTools/build/DerivedData/Build/Intermediates.noindex/ExplicitPrecompiledModules/Darwin-D71CN8593GR6MAG2UQIQJOJ52.scan
    cd /
    builtin-precompileModule /Users/jason/Documents/BQTools/build/DerivedData/Build/Intermediates.noindex/ExplicitPrecompiledModules/Darwin-D71CN8593GR6MAG2UQIQJOJ52.scan

PrecompileModule /Users/jason/Documents/BQTools/build/DerivedData/Build/Intermediates.noindex/ExplicitPrecompiledModules/ObjectiveC-3DKBJG6C2FACVEF9LCRAZX1HE.scan
    cd /
    builtin-precompileModule /Users/jason/Documents/BQTools/build/DerivedData/Build/Intermediates.noindex/ExplicitPrecompiledModules/ObjectiveC-3DKBJG6C2FACVEF9LCRAZX1HE.scan

PrecompileModule /Users/jason/Documents/BQTools/build/DerivedData/Build/Intermediates.noindex/ExplicitPrecompiledModules/os_object-38B2T3E3UCOZDA1MXUG42FM8.scan
    cd /
    builtin-precompileModule /Users/jason/Documents/BQTools/build/DerivedData/Build/Intermediates.noindex/ExplicitPrecompiledModules/os_object-38B2T3E3UCOZDA1MXUG42FM8.scan

PrecompileModule /Users/jason/Documents/BQTools/build/DerivedData/Build/Intermediates.noindex/ExplicitPrecompiledModules/os_workgroup-DRXX73XMUGW7N7EGBERKZPUCK.scan
    cd /
    builtin-precompileModule /Users/jason/Documents/BQTools/build/DerivedData/Build/Intermediates.noindex/ExplicitPrecompiledModules/os_workgroup-DRXX73XMUGW7N7EGBERKZPUCK.scan

PrecompileModule /Users/jason/Documents/BQTools/build/DerivedData/Build/Intermediates.noindex/ExplicitPrecompiledModules/os_object-9JETJ6DDDF2PL3217OGBZK5TA.scan
    cd /
    builtin-precompileModule /Users/jason/Documents/BQTools/build/DerivedData/Build/Intermediates.noindex/ExplicitPrecompiledModules/os_object-9JETJ6DDDF2PL3217OGBZK5TA.scan

PrecompileModule /Users/jason/Documents/BQTools/build/DerivedData/Build/Intermediates.noindex/ExplicitPrecompiledModules/Dispatch-14I5SE6TP3W7PXFMTFZ67X7EV.scan
    cd /
    builtin-precompileModule /Users/jason/Documents/BQTools/build/DerivedData/Build/Intermediates.noindex/ExplicitPrecompiledModules/Dispatch-14I5SE6TP3W7PXFMTFZ67X7EV.scan

PrecompileModule /Users/jason/Documents/BQTools/build/DerivedData/Build/Intermediates.noindex/ExplicitPrecompiledModules/os_workgroup-23MMXQET61SF8EM9AMSY5IM1C.scan
    cd /
    builtin-precompileModule /Users/jason/Documents/BQTools/build/DerivedData/Build/Intermediates.noindex/ExplicitPrecompiledModules/os_workgroup-23MMXQET61SF8EM9AMSY5IM1C.scan

PrecompileModule /Users/jason/Documents/BQTools/build/DerivedData/Build/Intermediates.noindex/ExplicitPrecompiledModules/XPC-CV4X2WN0ODBG7VRGEVOOSKQIB.scan
    cd /
    builtin-precompileModule /Users/jason/Documents/BQTools/build/DerivedData/Build/Intermediates.noindex/ExplicitPrecompiledModules/XPC-CV4X2WN0ODBG7VRGEVOOSKQIB.scan

PrecompileModule /Users/jason/Documents/BQTools/build/DerivedData/Build/Intermediates.noindex/ExplicitPrecompiledModules/Dispatch-15REJIDIBSULH04EUFZXM0YMJ.scan
    cd /
    builtin-precompileModule /Users/jason/Documents/BQTools/build/DerivedData/Build/Intermediates.noindex/ExplicitPrecompiledModules/Dispatch-15REJIDIBSULH04EUFZXM0YMJ.scan

PrecompileModule /Users/jason/Documents/BQTools/build/DerivedData/Build/Intermediates.noindex/ExplicitPrecompiledModules/CoreFoundation-7MC2SWABWR88CRQA8K5CK1W3I.scan
    cd /
    builtin-precompileModule /Users/jason/Documents/BQTools/build/DerivedData/Build/Intermediates.noindex/ExplicitPrecompiledModules/CoreFoundation-7MC2SWABWR88CRQA8K5CK1W3I.scan

PrecompileModule /Users/jason/Documents/BQTools/build/DerivedData/Build/Intermediates.noindex/ExplicitPrecompiledModules/XPC-D893X0XUB8LONIE1DAPYJIVDJ.scan
    cd /
    builtin-precompileModule /Users/jason/Documents/BQTools/build/DerivedData/Build/Intermediates.noindex/ExplicitPrecompiledModules/XPC-D893X0XUB8LONIE1DAPYJIVDJ.scan

CompileC /Users/jason/Documents/BQTools/build/DerivedData/Build/Intermediates.noindex/Jade.build/Debug-iphoneos/Jade.build/Objects-normal/arm64/bad_query-0816db726e1d52338ac3e689d3481a78.o /Users/jason/Documents/BQTools/bad_query/bad_query.c normal arm64 c com.apple.compilers.llvm.clang.1_0.compiler (in target 'Jade' from project 'Jade')
    cd /Users/jason/Documents/BQTools
    
    Using response file: /Users/jason/Documents/BQTools/build/DerivedData/Build/Intermediates.noindex/Jade.build/Debug-iphoneos/Jade.build/Objects-normal/arm64/7187679823f38a2a940e0043cdf9d637-common-args.resp
    
    /Applications/Xcode-beta.app/Contents/Developer/Toolchains/XcodeDefault.xctoolchain/usr/bin/clang -x c -ivfsstatcache /Users/jason/Documents/BQTools/build/DerivedData/SDKStatCaches.noindex/iphoneos27.0-24A5380g-ab8728d0c5b464cc751fe8b4b02b9db3.sdkstatcache -target arm64-apple-ios26.0 -fmessage-length\=0 -fdiagnostics-show-note-include-stack -fmacro-backtrace-limit\=0 -fno-color-diagnostics -fmodules-prune-interval\=86400 -fmodules-prune-after\=345600 -fbuild-session-file\=/Users/jason/Documents/BQTools/build/DerivedData/ModuleCache.noindex/Session.modulevalidation -fmodules-validate-once-per-build-session -Wnon-modular-include-in-framework-module -Werror\=non-modular-include-in-framework-module -Wno-trigraphs -Wno-missing-field-initializers -Wno-missing-prototypes -Werror\=return-type -Wdocumentation -Wunreachable-code -Wquoted-include-in-framework-header -Werror\=deprecated-objc-isa-usage -Werror\=objc-root-class -Wno-missing-braces -Wparentheses -Wswitch -Wunused-function -Wno-unused-label -Wno-unused-parameter -Wunused-variable -Wunused-value -Wempty-body -Wuninitialized -Wconditional-uninitialized -Wno-unknown-pragmas -Wno-shadow -Wno-four-char-constants -Wno-conversion -Wconstant-conversion -Wint-conversion -Wbool-conversion -Wenum-conversion -Wno-float-conversion -Wnon-literal-null-conversion -Wobjc-literal-conversion -Wshorten-64-to-32 -Wpointer-sign -Wno-newline-eof -Wno-implicit-fallthrough -isysroot /Applications/Xcode-beta.app/Contents/Developer/Platforms/iPhoneOS.platform/Developer/SDKs/iPhoneOS27.0.sdk -fstrict-aliasing -Wdeprecated-declarations -Wno-sign-conversion -Winfinite-recursion -Wcomma -Wblock-capture-autoreleasing -Wstrict-prototypes -Wno-semicolon-before-method-body -Wunguarded-availability -index-store-path /Users/jason/Documents/BQTools/build/DerivedData/Index.noindex/DataStore @/Users/jason/Documents/BQTools/build/DerivedData/Build/Intermediates.noindex/Jade.build/Debug-iphoneos/Jade.build/Objects-normal/arm64/7187679823f38a2a940e0043cdf9d637-common-args.resp -MMD -MT dependencies -MF /Users/jason/Documents/BQTools/build/DerivedData/Build/Intermediates.noindex/Jade.build/Debug-iphoneos/Jade.build/Objects-normal/arm64/bad_query-0816db726e1d52338ac3e689d3481a78.d --serialize-diagnostics /Users/jason/Documents/BQTools/build/DerivedData/Build/Intermediates.noindex/Jade.build/Debug-iphoneos/Jade.build/Objects-normal/arm64/bad_query-0816db726e1d52338ac3e689d3481a78.dia -c /Users/jason/Documents/BQTools/bad_query/bad_query.c -o /Users/jason/Documents/BQTools/build/DerivedData/Build/Intermediates.noindex/Jade.build/Debug-iphoneos/Jade.build/Objects-normal/arm64/bad_query-0816db726e1d52338ac3e689d3481a78.o -index-unit-output-path /Jade.build/Debug-iphoneos/Jade.build/Objects-normal/arm64/bad_query-0816db726e1d52338ac3e689d3481a78.o

PrecompileModule /Users/jason/Documents/BQTools/build/DerivedData/Build/Intermediates.noindex/ExplicitPrecompiledModules/CFNetwork-12XBCF2CCW2FLCA1ZHBBT9T0Y.scan
    cd /
    builtin-precompileModule /Users/jason/Documents/BQTools/build/DerivedData/Build/Intermediates.noindex/ExplicitPrecompiledModules/CFNetwork-12XBCF2CCW2FLCA1ZHBBT9T0Y.scan

PrecompileModule /Users/jason/Documents/BQTools/build/DerivedData/Build/Intermediates.noindex/ExplicitPrecompiledModules/Security-E6U113RRWQOJYUY4UFOZAVJ5L.scan
    cd /
    builtin-precompileModule /Users/jason/Documents/BQTools/build/DerivedData/Build/Intermediates.noindex/ExplicitPrecompiledModules/Security-E6U113RRWQOJYUY4UFOZAVJ5L.scan

PrecompileModule /Users/jason/Documents/BQTools/build/DerivedData/Build/Intermediates.noindex/ExplicitPrecompiledModules/Foundation-BJG7FBDW0P7WXORNFAC33UX30.scan
    cd /
    builtin-precompileModule /Users/jason/Documents/BQTools/build/DerivedData/Build/Intermediates.noindex/ExplicitPrecompiledModules/Foundation-BJG7FBDW0P7WXORNFAC33UX30.scan

CompileC /Users/jason/Documents/BQTools/build/DerivedData/Build/Intermediates.noindex/Jade.build/Debug-iphoneos/Jade.build/Objects-normal/arm64/BQMCMIntegration.o /Users/jason/Documents/BQTools/bad_query/BQMCMIntegration.m normal arm64 objective-c com.apple.compilers.llvm.clang.1_0.compiler (in target 'Jade' from project 'Jade')
    cd /Users/jason/Documents/BQTools
    
    Using response file: /Users/jason/Documents/BQTools/build/DerivedData/Build/Intermediates.noindex/Jade.build/Debug-iphoneos/Jade.build/Objects-normal/arm64/e6072d4f65d7061329687fe24e3d63a7-common-args.resp
    
    /Applications/Xcode-beta.app/Contents/Developer/Toolchains/XcodeDefault.xctoolchain/usr/bin/clang -x objective-c -ivfsstatcache /Users/jason/Documents/BQTools/build/DerivedData/SDKStatCaches.noindex/iphoneos27.0-24A5380g-ab8728d0c5b464cc751fe8b4b02b9db3.sdkstatcache -target arm64-apple-ios26.0 -fmessage-length\=0 -fdiagnostics-show-note-include-stack -fmacro-backtrace-limit\=0 -fno-color-diagnostics -fmodules-prune-interval\=86400 -fmodules-prune-after\=345600 -fbuild-session-file\=/Users/jason/Documents/BQTools/build/DerivedData/ModuleCache.noindex/Session.modulevalidation -fmodules-validate-once-per-build-session -Wnon-modular-include-in-framework-module -Werror\=non-modular-include-in-framework-module -Wno-trigraphs -Wno-missing-field-initializers -Wno-missing-prototypes -Werror\=return-type -Wdocumentation -Wunreachable-code -Wquoted-include-in-framework-header -Wno-implicit-atomic-properties -Werror\=deprecated-objc-isa-usage -Wno-objc-interface-ivars -Werror\=objc-root-class -Wno-arc-repeated-use-of-weak -Wimplicit-retain-self -Wduplicate-method-match -Wno-missing-braces -Wparentheses -Wswitch -Wunused-function -Wno-unused-label -Wno-unused-parameter -Wunused-variable -Wunused-value -Wempty-body -Wuninitialized -Wconditional-uninitialized -Wno-unknown-pragmas -Wno-shadow -Wno-four-char-constants -Wno-conversion -Wconstant-conversion -Wint-conversion -Wbool-conversion -Wenum-conversion -Wno-float-conversion -Wnon-literal-null-conversion -Wobjc-literal-conversion -Wshorten-64-to-32 -Wpointer-sign -Wno-newline-eof -Wno-selector -Wno-strict-selector-match -Wundeclared-selector -Wdeprecated-implementations -Wno-implicit-fallthrough -isysroot /Applications/Xcode-beta.app/Contents/Developer/Platforms/iPhoneOS.platform/Developer/SDKs/iPhoneOS27.0.sdk -fstrict-aliasing -Wprotocol -Wdeprecated-declarations -Wno-sign-conversion -Winfinite-recursion -Wcomma -Wblock-capture-autoreleasing -Wstrict-prototypes -Wno-semicolon-before-method-body -Wunguarded-availability -index-store-path /Users/jason/Documents/BQTools/build/DerivedData/Index.noindex/DataStore @/Users/jason/Documents/BQTools/build/DerivedData/Build/Intermediates.noindex/Jade.build/Debug-iphoneos/Jade.build/Objects-normal/arm64/e6072d4f65d7061329687fe24e3d63a7-common-args.resp -MMD -MT dependencies -MF /Users/jason/Documents/BQTools/build/DerivedData/Build/Intermediates.noindex/Jade.build/Debug-iphoneos/Jade.build/Objects-normal/arm64/BQMCMIntegration.d --serialize-diagnostics /Users/jason/Documents/BQTools/build/DerivedData/Build/Intermediates.noindex/Jade.build/Debug-iphoneos/Jade.build/Objects-normal/arm64/BQMCMIntegration.dia -c /Users/jason/Documents/BQTools/bad_query/BQMCMIntegration.m -o /Users/jason/Documents/BQTools/build/DerivedData/Build/Intermediates.noindex/Jade.build/Debug-iphoneos/Jade.build/Objects-normal/arm64/BQMCMIntegration.o -index-unit-output-path /Jade.build/Debug-iphoneos/Jade.build/Objects-normal/arm64/BQMCMIntegration.o

CompileC /Users/jason/Documents/BQTools/build/DerivedData/Build/Intermediates.noindex/Jade.build/Debug-iphoneos/Jade.build/Objects-normal/arm64/MCMBridge.o /Users/jason/Documents/BQTools/bad_query/MCMBridge.m normal arm64 objective-c com.apple.compilers.llvm.clang.1_0.compiler (in target 'Jade' from project 'Jade')
    cd /Users/jason/Documents/BQTools
    
    Using response file: /Users/jason/Documents/BQTools/build/DerivedData/Build/Intermediates.noindex/Jade.build/Debug-iphoneos/Jade.build/Objects-normal/arm64/e6072d4f65d7061329687fe24e3d63a7-common-args.resp
    
    /Applications/Xcode-beta.app/Contents/Developer/Toolchains/XcodeDefault.xctoolchain/usr/bin/clang -x objective-c -ivfsstatcache /Users/jason/Documents/BQTools/build/DerivedData/SDKStatCaches.noindex/iphoneos27.0-24A5380g-ab8728d0c5b464cc751fe8b4b02b9db3.sdkstatcache -target arm64-apple-ios26.0 -fmessage-length\=0 -fdiagnostics-show-note-include-stack -fmacro-backtrace-limit\=0 -fno-color-diagnostics -fmodules-prune-interval\=86400 -fmodules-prune-after\=345600 -fbuild-session-file\=/Users/jason/Documents/BQTools/build/DerivedData/ModuleCache.noindex/Session.modulevalidation -fmodules-validate-once-per-build-session -Wnon-modular-include-in-framework-module -Werror\=non-modular-include-in-framework-module -Wno-trigraphs -Wno-missing-field-initializers -Wno-missing-prototypes -Werror\=return-type -Wdocumentation -Wunreachable-code -Wquoted-include-in-framework-header -Wno-implicit-atomic-properties -Werror\=deprecated-objc-isa-usage -Wno-objc-interface-ivars -Werror\=objc-root-class -Wno-arc-repeated-use-of-weak -Wimplicit-retain-self -Wduplicate-method-match -Wno-missing-braces -Wparentheses -Wswitch -Wunused-function -Wno-unused-label -Wno-unused-parameter -Wunused-variable -Wunused-value -Wempty-body -Wuninitialized -Wconditional-uninitialized -Wno-unknown-pragmas -Wno-shadow -Wno-four-char-constants -Wno-conversion -Wconstant-conversion -Wint-conversion -Wbool-conversion -Wenum-conversion -Wno-float-conversion -Wnon-literal-null-conversion -Wobjc-literal-conversion -Wshorten-64-to-32 -Wpointer-sign -Wno-newline-eof -Wno-selector -Wno-strict-selector-match -Wundeclared-selector -Wdeprecated-implementations -Wno-implicit-fallthrough -isysroot /Applications/Xcode-beta.app/Contents/Developer/Platforms/iPhoneOS.platform/Developer/SDKs/iPhoneOS27.0.sdk -fstrict-aliasing -Wprotocol -Wdeprecated-declarations -Wno-sign-conversion -Winfinite-recursion -Wcomma -Wblock-capture-autoreleasing -Wstrict-prototypes -Wno-semicolon-before-method-body -Wunguarded-availability -index-store-path /Users/jason/Documents/BQTools/build/DerivedData/Index.noindex/DataStore @/Users/jason/Documents/BQTools/build/DerivedData/Build/Intermediates.noindex/Jade.build/Debug-iphoneos/Jade.build/Objects-normal/arm64/e6072d4f65d7061329687fe24e3d63a7-common-args.resp -MMD -MT dependencies -MF /Users/jason/Documents/BQTools/build/DerivedData/Build/Intermediates.noindex/Jade.build/Debug-iphoneos/Jade.build/Objects-normal/arm64/MCMBridge.d --serialize-diagnostics /Users/jason/Documents/BQTools/build/DerivedData/Build/Intermediates.noindex/Jade.build/Debug-iphoneos/Jade.build/Objects-normal/arm64/MCMBridge.dia -c /Users/jason/Documents/BQTools/bad_query/MCMBridge.m -o /Users/jason/Documents/BQTools/build/DerivedData/Build/Intermediates.noindex/Jade.build/Debug-iphoneos/Jade.build/Objects-normal/arm64/MCMBridge.o -index-unit-output-path /Jade.build/Debug-iphoneos/Jade.build/Objects-normal/arm64/MCMBridge.o

Ld /Users/jason/Documents/BQTools/build/DerivedData/Build/Products/Debug-iphoneos/Jade.app/Jade.debug.dylib normal (in target 'Jade' from project 'Jade')
    cd /Users/jason/Documents/BQTools
    /Applications/Xcode-beta.app/Contents/Developer/Toolchains/XcodeDefault.xctoolchain/usr/bin/clang -Xlinker -reproducible -target arm64-apple-ios26.0 -dynamiclib -isysroot /Applications/Xcode-beta.app/Contents/Developer/Platforms/iPhoneOS.platform/Developer/SDKs/iPhoneOS27.0.sdk -O0 -Xlinker -no_warn_duplicate_libraries -L/Users/jason/Documents/BQTools/build/DerivedData/Build/Intermediates.noindex/EagerLinkingTBDs/Debug-iphoneos -L/Users/jason/Documents/BQTools/build/DerivedData/Build/Products/Debug-iphoneos -F/Users/jason/Documents/BQTools/build/DerivedData/Build/Intermediates.noindex/EagerLinkingTBDs/Debug-iphoneos -F/Users/jason/Documents/BQTools/build/DerivedData/Build/Products/Debug-iphoneos -F/Users/jason/Documents/BQTools/bad_query -filelist /Users/jason/Documents/BQTools/build/DerivedData/Build/Intermediates.noindex/Jade.build/Debug-iphoneos/Jade.build/Objects-normal/arm64/Jade.LinkFileList -install_name @rpath/Jade.debug.dylib -Xlinker -rpath -Xlinker @executable_path/Frameworks -Xlinker -dead_strip -Xlinker -object_path_lto -Xlinker /Users/jason/Documents/BQTools/build/DerivedData/Build/Intermediates.noindex/Jade.build/Debug-iphoneos/Jade.build/Objects-normal/arm64/Jade_lto.o -rdynamic -Xlinker -no_deduplicate -Xlinker -dependency_info -Xlinker /Users/jason/Documents/BQTools/build/DerivedData/Build/Intermediates.noindex/Jade.build/Debug-iphoneos/Jade.build/Objects-normal/arm64/Jade_dependency_info.dat -fobjc-arc -fobjc-link-runtime -L/Applications/Xcode-beta.app/Contents/Developer/Toolchains/XcodeDefault.xctoolchain/usr/lib/swift/iphoneos -L/usr/lib/swift -Xlinker -add_ast_path -Xlinker /Users/jason/Documents/BQTools/build/DerivedData/Build/Intermediates.noindex/Jade.build/Debug-iphoneos/Jade.build/Objects-normal/arm64/Jade.swiftmodule -Xlinker -alias -Xlinker _main -Xlinker ___debug_main_executable_dylib_entry_point -framework MobileCoreServices -framework CoreServices -o /Users/jason/Documents/BQTools/build/DerivedData/Build/Products/Debug-iphoneos/Jade.app/Jade.debug.dylib

ConstructStubExecutorLinkFileList /Users/jason/Documents/BQTools/build/DerivedData/Build/Intermediates.noindex/Jade.build/Debug-iphoneos/Jade.build/Jade-ExecutorLinkFileList-normal-arm64.txt (in target 'Jade' from project 'Jade')
    cd /Users/jason/Documents/BQTools
    construct-stub-executor-link-file-list /Users/jason/Documents/BQTools/build/DerivedData/Build/Products/Debug-iphoneos/Jade.app/Jade.debug.dylib /Applications/Xcode-beta.app/Contents/Developer/Platforms/iPhoneOS.platform/Developer/usr/lib/libPreviewsJITStubExecutor_no_swift_entry_point.a /Applications/Xcode-beta.app/Contents/Developer/Platforms/iPhoneOS.platform/Developer/usr/lib/libPreviewsJITStubExecutor.a --output /Users/jason/Documents/BQTools/build/DerivedData/Build/Intermediates.noindex/Jade.build/Debug-iphoneos/Jade.build/Jade-ExecutorLinkFileList-normal-arm64.txt
note: Using stub executor library with Swift entry point. (in target 'Jade' from project 'Jade')

Ld /Users/jason/Documents/BQTools/build/DerivedData/Build/Products/Debug-iphoneos/Jade.app/Jade normal (in target 'Jade' from project 'Jade')
    cd /Users/jason/Documents/BQTools
    /Applications/Xcode-beta.app/Contents/Developer/Toolchains/XcodeDefault.xctoolchain/usr/bin/clang -Xlinker -reproducible -target arm64-apple-ios26.0 -isysroot /Applications/Xcode-beta.app/Contents/Developer/Platforms/iPhoneOS.platform/Developer/SDKs/iPhoneOS27.0.sdk -O0 -Xlinker -no_warn_duplicate_libraries -L/Users/jason/Documents/BQTools/build/DerivedData/Build/Products/Debug-iphoneos -F/Users/jason/Documents/BQTools/build/DerivedData/Build/Products/Debug-iphoneos -F/Users/jason/Documents/BQTools/bad_query -Xlinker -rpath -Xlinker @executable_path -Xlinker -rpath -Xlinker @executable_path/Frameworks -rdynamic -Xlinker -no_deduplicate -e ___debug_blank_executor_main -Xlinker -sectcreate -Xlinker __TEXT -Xlinker __debug_dylib -Xlinker /Users/jason/Documents/BQTools/build/DerivedData/Build/Intermediates.noindex/Jade.build/Debug-iphoneos/Jade.build/Jade-DebugDylibPath-normal-arm64.txt -Xlinker -sectcreate -Xlinker __TEXT -Xlinker __debug_instlnm -Xlinker /Users/jason/Documents/BQTools/build/DerivedData/Build/Intermediates.noindex/Jade.build/Debug-iphoneos/Jade.build/Jade-DebugDylibInstallName-normal-arm64.txt -Xlinker -filelist -Xlinker /Users/jason/Documents/BQTools/build/DerivedData/Build/Intermediates.noindex/Jade.build/Debug-iphoneos/Jade.build/Jade-ExecutorLinkFileList-normal-arm64.txt /Users/jason/Documents/BQTools/build/DerivedData/Build/Products/Debug-iphoneos/Jade.app/Jade.debug.dylib -o /Users/jason/Documents/BQTools/build/DerivedData/Build/Products/Debug-iphoneos/Jade.app/Jade

CopySwiftLibs /Users/jason/Documents/BQTools/build/DerivedData/Build/Products/Debug-iphoneos/Jade.app (in target 'Jade' from project 'Jade')
    cd /Users/jason/Documents/BQTools
    builtin-swiftStdLibTool --copy --verbose --scan-executable /Users/jason/Documents/BQTools/build/DerivedData/Build/Products/Debug-iphoneos/Jade.app/Jade.debug.dylib --scan-folder /Users/jason/Documents/BQTools/build/DerivedData/Build/Products/Debug-iphoneos/Jade.app/Frameworks --scan-folder /Users/jason/Documents/BQTools/build/DerivedData/Build/Products/Debug-iphoneos/Jade.app/PlugIns --scan-folder /Users/jason/Documents/BQTools/build/DerivedData/Build/Products/Debug-iphoneos/Jade.app/SystemExtensions --scan-folder /Users/jason/Documents/BQTools/build/DerivedData/Build/Products/Debug-iphoneos/Jade.app/Extensions --scan-folder /Applications/Xcode-beta.app/Contents/Developer/Platforms/iPhoneOS.platform/Developer/SDKs/iPhoneOS27.0.sdk/System/Library/Frameworks/MobileCoreServices.framework --scan-folder /Applications/Xcode-beta.app/Contents/Developer/Platforms/iPhoneOS.platform/Developer/SDKs/iPhoneOS27.0.sdk/System/Library/Frameworks/CoreServices.framework --platform iphoneos --toolchain /Applications/Xcode-beta.app/Contents/Developer/Toolchains/XcodeDefault.xctoolchain --destination /Users/jason/Documents/BQTools/build/DerivedData/Build/Products/Debug-iphoneos/Jade.app/Frameworks --strip-bitcode --strip-bitcode-tool /Applications/Xcode-beta.app/Contents/Developer/Toolchains/XcodeDefault.xctoolchain/usr/bin/bitcode_strip --emit-dependency-info /Users/jason/Documents/BQTools/build/DerivedData/Build/Intermediates.noindex/Jade.build/Debug-iphoneos/Jade.build/SwiftStdLibToolInputDependencies.dep --filter-for-swift-os
Ignoring --strip-bitcode because --sign was not passed

ExtractAppIntentsMetadata (in target 'Jade' from project 'Jade')
    cd /Users/jason/Documents/BQTools
    /Applications/Xcode-beta.app/Contents/Developer/Toolchains/XcodeDefault.xctoolchain/usr/bin/appintentsmetadataprocessor --toolchain-dir /Applications/Xcode-beta.app/Contents/Developer/Toolchains/XcodeDefault.xctoolchain --module-name Jade --sdk-root /Applications/Xcode-beta.app/Contents/Developer/Platforms/iPhoneOS.platform/Developer/SDKs/iPhoneOS27.0.sdk --xcode-version 27A5218g --platform-family iOS --deployment-target 26.0 --bundle-identifier com.jason.Jade --output /Users/jason/Documents/BQTools/build/DerivedData/Build/Products/Debug-iphoneos/Jade.app --target-triple arm64-apple-ios26.0 --binary-file /Users/jason/Documents/BQTools/build/DerivedData/Build/Products/Debug-iphoneos/Jade.app/Jade --dependency-file /Users/jason/Documents/BQTools/build/DerivedData/Build/Intermediates.noindex/Jade.build/Debug-iphoneos/Jade.build/Objects-normal/arm64/Jade_dependency_info.dat --stringsdata-file /Users/jason/Documents/BQTools/build/DerivedData/Build/Intermediates.noindex/Jade.build/Debug-iphoneos/Jade.build/Objects-normal/arm64/ExtractedAppShortcutsMetadata.stringsdata --source-file-list /Users/jason/Documents/BQTools/build/DerivedData/Build/Intermediates.noindex/Jade.build/Debug-iphoneos/Jade.build/Objects-normal/arm64/Jade.SwiftFileList --metadata-file-list /Users/jason/Documents/BQTools/build/DerivedData/Build/Intermediates.noindex/Jade.build/Debug-iphoneos/Jade.build/Jade.DependencyMetadataFileList --static-metadata-file-list /Users/jason/Documents/BQTools/build/DerivedData/Build/Intermediates.noindex/Jade.build/Debug-iphoneos/Jade.build/Jade.DependencyStaticMetadataFileList --swift-const-vals-list /Users/jason/Documents/BQTools/build/DerivedData/Build/Intermediates.noindex/Jade.build/Debug-iphoneos/Jade.build/Objects-normal/arm64/Jade.SwiftConstValuesFileList --compile-time-extraction --deployment-aware-processing --no-app-shortcuts-localization
2026-08-14 18:33:19.690 appintentsmetadataprocessor[77654:1182567] Starting appintentsmetadataprocessor export
2026-08-14 18:33:19.696 appintentsmetadataprocessor[77654:1182567] warning: Metadata extraction skipped, no AppIntents.framework dependency found

AppIntentsSSUTraining (in target 'Jade' from project 'Jade')
    cd /Users/jason/Documents/BQTools
    /Applications/Xcode-beta.app/Contents/Developer/Toolchains/XcodeDefault.xctoolchain/usr/bin/appintentsnltrainingprocessor --infoplist-path /Users/jason/Documents/BQTools/build/DerivedData/Build/Products/Debug-iphoneos/Jade.app/Info.plist --temp-dir-path /Users/jason/Documents/BQTools/build/DerivedData/Build/Intermediates.noindex/Jade.build/Debug-iphoneos/Jade.build/ssu --bundle-id com.jason.Jade --product-path /Users/jason/Documents/BQTools/build/DerivedData/Build/Products/Debug-iphoneos/Jade.app --extracted-metadata-path /Users/jason/Documents/BQTools/build/DerivedData/Build/Products/Debug-iphoneos/Jade.app/Metadata.appintents --metadata-file-list /Users/jason/Documents/BQTools/build/DerivedData/Build/Intermediates.noindex/Jade.build/Debug-iphoneos/Jade.build/Jade.DependencyMetadataFileList --source-file /Users/jason/Documents/BQTools/build/DerivedData/Build/Products/Debug-iphoneos/Jade.app/Info.plist --archive-ssu-assets
2026-08-14 18:33:19.742 appintentsnltrainingprocessor[77658:1182586] Parsing options for appintentsnltrainingprocessor
2026-08-14 18:33:19.743 appintentsnltrainingprocessor[77658:1182586] Starting AppIntents SSU YAML Generation
2026-08-14 18:33:19.745 appintentsnltrainingprocessor[77658:1182586] No AppShortcuts found - Skipping.

RegisterExecutionPolicyException /Users/jason/Documents/BQTools/build/DerivedData/Build/Products/Debug-iphoneos/Jade.app (in target 'Jade' from project 'Jade')
    cd /Users/jason/Documents/BQTools
    builtin-RegisterExecutionPolicyException /Users/jason/Documents/BQTools/build/DerivedData/Build/Products/Debug-iphoneos/Jade.app

Validate /Users/jason/Documents/BQTools/build/DerivedData/Build/Products/Debug-iphoneos/Jade.app (in target 'Jade' from project 'Jade')
    cd /Users/jason/Documents/BQTools
    builtin-validationUtility /Users/jason/Documents/BQTools/build/DerivedData/Build/Products/Debug-iphoneos/Jade.app -shallow-bundle -infoplist-subpath Info.plist

Touch /Users/jason/Documents/BQTools/build/DerivedData/Build/Products/Debug-iphoneos/Jade.app (in target 'Jade' from project 'Jade')
    cd /Users/jason/Documents/BQTools
    /usr/bin/touch -c /Users/jason/Documents/BQTools/build/DerivedData/Build/Products/Debug-iphoneos/Jade.app

PruneExplicitPrecompiledModules /Users/jason/Documents/BQTools/build/DerivedData/Build/Intermediates.noindex/ExplicitPrecompiledModules

PruneExplicitPrecompiledModules /Users/jason/Documents/BQTools/build/DerivedData/SDKExplicitPrecompiledModules

PruneExplicitPrecompiledModules /Users/jason/Documents/BQTools/build/DerivedData/Build/Intermediates.noindex/SwiftExplicitPrecompiledModules

** BUILD SUCCEEDED **

